group,keep_split,keep_image,keep_resolution,remove_split,remove_image,remove_resolution,reason
1,train,..\data\train\Camel\Free Shallow Focus Photography of Camel Stock Photo.jpg,500x333,test,..\data\test\Camel\5M0K2I2A2BSZ.jpg,256x256,Duplicate group; retain the preferred dataset split (Train > Test > Validation) and the highest-resolution copy within that split.
2,train,..\data\train\Camel\G4PZDEMX453U.jpg,256x256,test,..\data\test\Camel\1c68ec73964a0332.jpg,1024x681,Duplicate group; retain the preferred dataset split (Train > Test > Validation) and the highest-resolution copy within that split.
3,train,..\data\train\Camel\GUDRW05GNVCD.jpg,256x256,test,..\data\test\Camel\4bc1027f1ccb353d.jpg,1024x683,Duplicate group; retain the preferred dataset split (Train > Test > Validation) and the highest-resolution copy within that split.
4,train,..\data\train\Camel\happy-camel.jpg,612x408,test,..\data\test\Camel\415AZP8HOFL9.jpg,256x256,Duplicate group; retain the preferred dataset split (Train > Test > Validation) and the highest-resolution copy within that split.
5,train,..\data\train\Camel\HZEFVYXLAYKJ.jpg,256x256,test,..\data\test\Camel\camel_newborn_dromedary.jpg,1000x667,Duplicate group; retain the preferred dataset split (Train > Test > Validation) and the highest-resolution copy within that split.
6,train,..\data\train\Camel\IK3X3JEKGWH6.jpg,256x256,test,..\data\test\Camel\9bb8fd51ad6846e9.jpg,1024x1024,Duplicate group; retain the preferred dataset split (Train > Test > Validation) and the highest-resolution copy within that split.
7,train,..\data\train\Camel\J3JLAJDY974S.jpg,256x256,test,..\data\test\Camel\0a5e8d559aa5d680.jpg,1024x819,Duplicate group; retain the preferred dataset split (Train > Test > Validation) and the highest-resolution copy within that split.
8,train,..\data\train\Camel\JSC59TXM8HBO.jpg,256x256,test,..\data\test\Camel\9219e0b5c16a76dc.jpg,1024x768,Duplicate group; retain the preferred dataset split (Train > Test > Validation) and the highest-resolution copy within that split.
9,train,..\data\train\Camel\LH9SC7Z1ZGKZ.jpg,256x256,test,..\data\test\Camel\0b561c9610d097bb.jpg,1024x680,Duplicate group; retain the preferred dataset split (Train > Test > Validation) and the highest-resolution copy within that split.
10,train,..\data\train\Camel\M7DUD6DEUZXC.jpg,256x256,test,..\data\test\Camel\fbe95350ddcee63a.jpg,1024x768,Duplicate group; retain the preferred dataset split (Train > Test > Validation) and the highest-resolution copy within that split.
11,train,..\data\train\Camel\MYH87XJA7YEG.jpg,256x256,test,..\data\test\Camel\5eb81d43b38e1333.jpg,1024x768,Duplicate group; retain the preferred dataset split (Train > Test > Validation) and the highest-resolution copy within that split.
12,train,..\data\train\Camel\QZ9F2GXRND6U.jpg,256x256,validation,..\data\validation\Camel\e9c80cc9d12c6992.jpg,1024x707,Duplicate group; retain the preferred dataset split (Train > Test > Validation) and the highest-resolution copy within that split.
13,train,..\data\train\Camel\TGACA3KXAJS6.jpg,256x256,validation,..\data\validation\Camel\b49844caf0ecc14c.jpg,1024x684,Duplicate group; retain the preferred dataset split (Train > Test > Validation) and the highest-resolution copy within that split.
14,train,..\data\train\Camel\X7TXAPIXFOLQ.jpg,256x256,test,..\data\test\Camel\ec6e09dc8c78907b.jpg,1024x682,Duplicate group; retain the preferred dataset split (Train > Test > Validation) and the highest-resolution copy within that split.
15,train,..\data\train\Camel\YWWL2KS6AK64.jpg,256x256,test,..\data\test\Camel\a82606e8da066756.jpg,1024x1024,Duplicate group; retain the preferred dataset split (Train > Test > Validation) and the highest-resolution copy within that split.
16,train,..\data\train\Chicken\K2NFW1IDOPHA.jpg,256x256,validation,..\data\validation\Chicken\800cac348495765c.jpg,768x1024,Duplicate group; retain the preferred dataset split (Train > Test > Validation) and the highest-resolution copy within that split.
17,train,..\data\train\Chicken\K3LXDB7IOZY9.jpg,256x256,validation,..\data\validation\Chicken\65ed6abdf15bb5bb.jpg,1024x768,Duplicate group; retain the preferred dataset split (Train > Test > Validation) and the highest-resolution copy within that split.
18,train,..\data\train\Chicken\L2HPZD6O9RRJ.jpg,256x256,test,..\data\test\Chicken\133f872b2512b109.jpg,732x1024,Duplicate group; retain the preferred dataset split (Train > Test > Validation) and the highest-resolution copy within that split.
19,train,..\data\train\Chicken\L7LPV39UIJ2Y.jpg,256x256,validation,..\data\validation\Chicken\9b6bc9e000ae3caa.jpg,1024x1024,Duplicate group; retain the preferred dataset split (Train > Test > Validation) and the highest-resolution copy within that split.
20,train,..\data\train\Chicken\LOGBOG1AAO96.jpg,256x256,validation,..\data\validation\Chicken\7e104b49d2d938de.jpg,1024x768,Duplicate group; retain the preferred dataset split (Train > Test > Validation) and the highest-resolution copy within that split.
21,train,..\data\train\Chicken\LPS0MYNW7O8Z.jpg,256x256,validation,..\data\validation\Chicken\acceaadbee8a73ee.jpg,768x780,Duplicate group; retain the preferred dataset split (Train > Test > Validation) and the highest-resolution copy within that split.
22,train,..\data\train\Chicken\LY5EK3RW4KGP.jpg,256x256,validation,..\data\validation\Chicken\784f4faf59b09904.jpg,1024x768,Duplicate group; retain the preferred dataset split (Train > Test > Validation) and the highest-resolution copy within that split.
23,train,..\data\train\Chicken\MJE3S23PPHZU.jpg,256x256,test,..\data\test\Chicken\43b5058beec85ee4.jpg,1024x683,Duplicate group; retain the preferred dataset split (Train > Test > Validation) and the highest-resolution copy within that split.
24,train,..\data\train\Chicken\N51PPAAR3YGJ.jpg,256x256,validation,..\data\validation\Chicken\acf2033ef487bb23.jpg,1024x682,Duplicate group; retain the preferred dataset split (Train > Test > Validation) and the highest-resolution copy within that split.
25,train,..\data\train\Chicken\N5O3HD8FQS4G.jpg,256x256,validation,..\data\validation\Chicken\9f14bda053a11f7e.jpg,1024x683,Duplicate group; retain the preferred dataset split (Train > Test > Validation) and the highest-resolution copy within that split.
26,train,..\data\train\Chicken\N6O9JFL8YS3G.jpg,256x256,test,..\data\test\Chicken\e6e088a9f1bc15a9.jpg,1024x681,Duplicate group; retain the preferred dataset split (Train > Test > Validation) and the highest-resolution copy within that split.
27,train,..\data\train\Chicken\NKZ03GR3FMH7.jpg,256x256,test,..\data\test\Chicken\ee2c1b5096ffca9c.jpg,1024x767,Duplicate group; retain the preferred dataset split (Train > Test > Validation) and the highest-resolution copy within that split.
28,train,..\data\train\Chicken\NSDID343NCQL.jpg,256x256,test,..\data\test\Chicken\68fe0a55028bc7cb.jpg,1024x683,Duplicate group; retain the preferred dataset split (Train > Test > Validation) and the highest-resolution copy within that split.
29,train,..\data\train\Chicken\OA9EKX7B9FHN.jpg,256x256,test,..\data\test\Chicken\f6e2e32cee27e71a.jpg,1024x659,Duplicate group; retain the preferred dataset split (Train > Test > Validation) and the highest-resolution copy within that split.
30,train,..\data\train\Chicken\OHIFDA3EP9JI.jpg,256x256,validation,..\data\validation\Chicken\b5e8ea4ba1c290c3.jpg,1024x752,Duplicate group; retain the preferred dataset split (Train > Test > Validation) and the highest-resolution copy within that split.
31,train,..\data\train\Chicken\ONFJ5ONZ66N1.jpg,256x256,validation,..\data\validation\Chicken\4163315b5ee39d3b.jpg,1024x926,Duplicate group; retain the preferred dataset split (Train > Test > Validation) and the highest-resolution copy within that split.
32,train,..\data\train\Chicken\OXZZ7KMKO69Z.jpg,256x256,validation,..\data\validation\Chicken\802380883e4ba8cd.jpg,1024x683,Duplicate group; retain the preferred dataset split (Train > Test > Validation) and the highest-resolution copy within that split.
33,train,..\data\train\Chicken\P4CCELAQHVHN.jpg,256x256,validation,..\data\validation\Chicken\7678a54a84218df7.jpg,1024x768,Duplicate group; retain the preferred dataset split (Train > Test > Validation) and the highest-resolution copy within that split.
34,train,..\data\train\Chicken\PPS83G2DYRE0.jpg,256x256,test,..\data\test\Chicken\d2dd123c9c193f9b.jpg,1024x768,Duplicate group; retain the preferred dataset split (Train > Test > Validation) and the highest-resolution copy within that split.
35,train,..\data\train\Chicken\PVV6XDAIUDJ0.jpg,256x256,test,..\data\test\Chicken\72a20d232466be8c.jpg,1024x771,Duplicate group; retain the preferred dataset split (Train > Test > Validation) and the highest-resolution copy within that split.
36,train,..\data\train\Chicken\Q64AAA8WRA1R.jpg,256x256,test,..\data\test\Chicken\d4f3296ecf3c8223.jpg,1024x768,Duplicate group; retain the preferred dataset split (Train > Test > Validation) and the highest-resolution copy within that split.
37,train,..\data\train\Chicken\QGQO3P0SWILZ.jpg,256x256,test,..\data\test\Chicken\fc77ba1448296df1.jpg,1024x768,Duplicate group; retain the preferred dataset split (Train > Test > Validation) and the highest-resolution copy within that split.
38,train,..\data\train\Chicken\QRGIZX2GUIFK.jpg,256x256,validation,..\data\validation\Chicken\000411001ff7dd4f.jpg,1024x768,Duplicate group; retain the preferred dataset split (Train > Test > Validation) and the highest-resolution copy within that split.
39,train,..\data\train\Chicken\QYMBPEB2JFSN.jpg,256x256,validation,..\data\validation\Chicken\0650a130d7f707b5.jpg,1024x768,Duplicate group; retain the preferred dataset split (Train > Test > Validation) and the highest-resolution copy within that split.
40,train,..\data\train\Chicken\SIV8VBJWLILQ.jpg,256x256,test,..\data\test\Chicken\f4483efe072cd5d1.jpg,1024x901,Duplicate group; retain the preferred dataset split (Train > Test > Validation) and the highest-resolution copy within that split.
41,train,..\data\train\Chicken\SQ1YPLLHNRXV.jpg,256x256,test,..\data\test\Chicken\f450a2a6387fdce5.jpg,1024x768,Duplicate group; retain the preferred dataset split (Train > Test > Validation) and the highest-resolution copy within that split.
42,train,..\data\train\Chicken\TATDTK184F8E.jpg,256x256,validation,..\data\validation\Chicken\97c5baf58da390c9.jpg,683x1024,Duplicate group; retain the preferred dataset split (Train > Test > Validation) and the highest-resolution copy within that split.
43,train,..\data\train\Chicken\TC7UKA9LVTST.jpg,256x256,validation,..\data\validation\Chicken\2f9d7db0b288fb7b.jpg,1024x769,Duplicate group; retain the preferred dataset split (Train > Test > Validation) and the highest-resolution copy within that split.
44,train,..\data\train\Chicken\TDFAKEMSPE9G.jpg,256x256,validation,..\data\validation\Chicken\a82aa4a99fa12623.jpg,1024x768,Duplicate group; retain the preferred dataset split (Train > Test > Validation) and the highest-resolution copy within that split.
45,train,..\data\train\Chicken\TGK1KBYUY14X.jpg,256x256,test,..\data\test\Chicken\ebc67b03c8403f9c.jpg,1024x685,Duplicate group; retain the preferred dataset split (Train > Test > Validation) and the highest-resolution copy within that split.
46,train,..\data\train\Chicken\TSGNGA24YUZY.jpg,256x256,validation,..\data\validation\Chicken\73117696755f6e5f.jpg,1024x683,Duplicate group; retain the preferred dataset split (Train > Test > Validation) and the highest-resolution copy within that split.
47,train,..\data\train\Chicken\TUXPGYV110X7.jpg,256x256,test,..\data\test\Chicken\6359ceb7d02391bb.jpg,1024x681,Duplicate group; retain the preferred dataset split (Train > Test > Validation) and the highest-resolution copy within that split.
48,train,..\data\train\Chicken\TZZXMIQRYMTA.jpg,256x256,test,..\data\test\Chicken\70e6c76dad29e20a.jpg,1024x685,Duplicate group; retain the preferred dataset split (Train > Test > Validation) and the highest-resolution copy within that split.
49,train,..\data\train\Chicken\UF50RLVECHK1.jpg,256x256,validation,..\data\validation\Chicken\817321177f072732.jpg,1024x768,Duplicate group; retain the preferred dataset split (Train > Test > Validation) and the highest-resolution copy within that split.
50,train,..\data\train\Chicken\UMDUI46G8UFZ.jpg,256x256,test,..\data\test\Chicken\05600e8a393e3c3a.jpg,683x1024,Duplicate group; retain the preferred dataset split (Train > Test > Validation) and the highest-resolution copy within that split.
51,train,..\data\train\Chicken\UN7AJWQLHGV6.jpg,256x256,validation,..\data\validation\Chicken\749e2c951c4b6a7a.jpg,1024x712,Duplicate group; retain the preferred dataset split (Train > Test > Validation) and the highest-resolution copy within that split.
52,train,..\data\train\Chicken\UQE0H16PMZSD.jpg,256x256,test,..\data\test\Chicken\eff33846a38be402.jpg,720x1024,Duplicate group; retain the preferred dataset split (Train > Test > Validation) and the highest-resolution copy within that split.
53,train,..\data\train\Chicken\VIXFGL51VB0W.jpg,256x256,test,..\data\test\Chicken\b2c73e3e5c40a76a.jpg,1024x683,Duplicate group; retain the preferred dataset split (Train > Test > Validation) and the highest-resolution copy within that split.
54,train,..\data\train\Chicken\WCA5QJMX6N4U.jpg,256x256,test,..\data\test\Chicken\a3d6f09de1df5dc1.jpg,1024x683,Duplicate group; retain the preferred dataset split (Train > Test > Validation) and the highest-resolution copy within that split.
55,train,..\data\train\Chicken\WCPTWDKF0IXC.jpg,256x256,validation,..\data\validation\Chicken\a9c69ecd1ac3cd8a.jpg,768x833,Duplicate group; retain the preferred dataset split (Train > Test > Validation) and the highest-resolution copy within that split.
56,train,..\data\train\Chicken\WOUODST41TJV.jpg,256x256,validation,..\data\validation\Chicken\41b1d155155252d5.jpg,1024x768,Duplicate group; retain the preferred dataset split (Train > Test > Validation) and the highest-resolution copy within that split.
57,train,..\data\train\Chicken\WS6UKG4U2C4A.jpg,256x256,validation,..\data\validation\Chicken\a179d76b3b21ad20.jpg,1024x685,Duplicate group; retain the preferred dataset split (Train > Test > Validation) and the highest-resolution copy within that split.
58,train,..\data\train\Chicken\WXTV5SDVODCP.jpg,256x256,test,..\data\test\Chicken\736605cc2d3d17f8.jpg,1024x681,Duplicate group; retain the preferred dataset split (Train > Test > Validation) and the highest-resolution copy within that split.
59,train,..\data\train\Chicken\XENLDDC7NRJR.jpg,256x256,validation,..\data\validation\Chicken\a565d6501f8563c6.jpg,1024x683,Duplicate group; retain the preferred dataset split (Train > Test > Validation) and the highest-resolution copy within that split.
60,train,..\data\train\Chicken\XI8Q5LPSORTR.jpg,256x256,test,..\data\test\Chicken\1fa44e6f2cb4b2a0.jpg,1024x680,Duplicate group; retain the preferred dataset split (Train > Test > Validation) and the highest-resolution copy within that split.
61,train,..\data\train\Chicken\XVC1QA9LFNTP.jpg,256x256,test,..\data\test\Chicken\c966cb21efa54558.jpg,1024x726,Duplicate group; retain the preferred dataset split (Train > Test > Validation) and the highest-resolution copy within that split.
62,train,..\data\train\Chicken\YYNAC7CWBFN1.jpg,256x256,validation,..\data\validation\Chicken\8720cfd4fb4fa1cf.jpg,1024x1024,Duplicate group; retain the preferred dataset split (Train > Test > Validation) and the highest-resolution copy within that split.
63,train,..\data\train\Chicken\Z6VPDOHJ6CLX.jpg,256x256,test,..\data\test\Chicken\eb9c0dc5ca3ea626.jpg,1024x682,Duplicate group; retain the preferred dataset split (Train > Test > Validation) and the highest-resolution copy within that split.
64,train,..\data\train\Donkey\1000_F_107916074_mn94Ufm8ueZxXNV6GKW0VACL1PsvSOc5.jpg,1000x667,train,..\data\train\Donkey\240_F_107916074_mn94Ufm8ueZxXNV6GKW0VACL1PsvSOc5.jpg,360x240,Duplicate group; retain the preferred dataset split (Train > Test > Validation) and the highest-resolution copy within that split.
64,train,..\data\train\Donkey\1000_F_107916074_mn94Ufm8ueZxXNV6GKW0VACL1PsvSOc5.jpg,1000x667,train,..\data\train\Donkey\360_F_107916074_mn94Ufm8ueZxXNV6GKW0VACL1PsvSOc5.jpg,540x360,Duplicate group; retain the preferred dataset split (Train > Test > Validation) and the highest-resolution copy within that split.
64,train,..\data\train\Donkey\1000_F_107916074_mn94Ufm8ueZxXNV6GKW0VACL1PsvSOc5.jpg,1000x667,train,..\data\train\Donkey\images - 2023-09-21T210236.400.jpeg,275x183,Duplicate group; retain the preferred dataset split (Train > Test > Validation) and the highest-resolution copy within that split.
64,train,..\data\train\Donkey\1000_F_107916074_mn94Ufm8ueZxXNV6GKW0VACL1PsvSOc5.jpg,1000x667,train,..\data\train\Donkey\107916074.jpg,360x240,Duplicate group; retain the preferred dataset split (Train > Test > Validation) and the highest-resolution copy within that split.
64,train,..\data\train\Donkey\1000_F_107916074_mn94Ufm8ueZxXNV6GKW0VACL1PsvSOc5.jpg,1000x667,test,..\data\test\Donkey\500_F_107916074_mn94Ufm8ueZxXNV6GKW0VACL1PsvSOc5.jpg,500x333,Duplicate group; retain the preferred dataset split (Train > Test > Validation) and the highest-resolution copy within that split.
65,train,..\data\train\Donkey\1000_F_308933558_yvFoGCNfsaqTn4AnsWEB8BXJRf29zwMn.jpg,667x1000,train,..\data\train\Donkey\360_F_308933558_yvFoGCNfsaqTn4AnsWEB8BXJRf29zwMn.jpg,240x360,Duplicate group; retain the preferred dataset split (Train > Test > Validation) and the highest-resolution copy within that split.
65,train,..\data\train\Donkey\1000_F_308933558_yvFoGCNfsaqTn4AnsWEB8BXJRf29zwMn.jpg,667x1000,test,..\data\test\Donkey\308933558.jpg,160x240,Duplicate group; retain the preferred dataset split (Train > Test > Validation) and the highest-resolution copy within that split.
66,train,..\data\train\Donkey\240_F_117007733_1N5za9YA0CmEfxASMDdj3w7qUVVCUwFL.jpg,360x240,validation,..\data\validation\Donkey\360_F_117007733_1N5za9YA0CmEfxASMDdj3w7qUVVCUwFL.jpg,540x360,Duplicate group; retain the preferred dataset split (Train > Test > Validation) and the highest-resolution copy within that split.
66,train,..\data\train\Donkey\240_F_117007733_1N5za9YA0CmEfxASMDdj3w7qUVVCUwFL.jpg,360x240,train,..\data\train\Donkey\117007733.jpg,360x240,Duplicate group; retain the preferred dataset split (Train > Test > Validation) and the highest-resolution copy within that split.
67,train,..\data\train\Donkey\163051432.jpg,182x240,validation,..\data\validation\Donkey\360_F_163051432_preFOVYHJCyBF6zVk9mstRiLy0ehRO26.jpg,272x360,Duplicate group; retain the preferred dataset split (Train > Test > Validation) and the highest-resolution copy within that split.
68,train,..\data\train\Donkey\177390419.jpg,360x240,test,..\data\test\Donkey\360_F_177390419_69JERcGoiRfFMyy2DNfQe2dbIzxeqTfn.jpg,540x360,Duplicate group; retain the preferred dataset split (Train > Test > Validation) and the highest-resolution copy within that split.
69,train,..\data\train\Donkey\203983996.jpg,291x240,test,..\data\test\Donkey\download (55).jpeg,437x360,Duplicate group; retain the preferred dataset split (Train > Test > Validation) and the highest-resolution copy within that split.
70,train,..\data\train\Donkey\232490327.jpg,360x240,test,..\data\test\Donkey\360_F_232490327_CfzNyqq1sR5yUlL7zYllzYqIKA6GQIqT.jpg,540x360,Duplicate group; retain the preferred dataset split (Train > Test > Validation) and the highest-resolution copy within that split.
71,train,..\data\train\Donkey\360_F_10331779_PVOLBM8MIeDZW9H0vc3Cr0nLMoSEO8Le.jpg,360x360,train,..\data\train\Donkey\240_F_10331779_PVOLBM8MIeDZW9H0vc3Cr0nLMoSEO8Le.jpg,240x240,Duplicate group; retain the preferred dataset split (Train > Test > Validation) and the highest-resolution copy within that split.
71,train,..\data\train\Donkey\360_F_10331779_PVOLBM8MIeDZW9H0vc3Cr0nLMoSEO8Le.jpg,360x360,test,..\data\test\Donkey\1000_F_10331779_PVOLBM8MIeDZW9H0vc3Cr0nLMoSEO8Le.jpg,1000x1000,Duplicate group; retain the preferred dataset split (Train > Test > Validation) and the highest-resolution copy within that split.
71,train,..\data\train\Donkey\360_F_10331779_PVOLBM8MIeDZW9H0vc3Cr0nLMoSEO8Le.jpg,360x360,validation,..\data\validation\Donkey\donkey-4-years-7023061 (1).jpg,768x768,Duplicate group; retain the preferred dataset split (Train > Test > Validation) and the highest-resolution copy within that split.
71,train,..\data\train\Donkey\360_F_10331779_PVOLBM8MIeDZW9H0vc3Cr0nLMoSEO8Le.jpg,360x360,validation,..\data\validation\Donkey\500_F_10331779_PVOLBM8MIeDZW9H0vc3Cr0nLMoSEO8Le.jpg,500x500,Duplicate group; retain the preferred dataset split (Train > Test > Validation) and the highest-resolution copy within that split.
72,train,..\data\train\Donkey\240_F_113045929_DKAxykLlheL458u9SmweztpT61Kig4Kk.jpg,360x240,test,..\data\test\Donkey\360_F_113045929_DKAxykLlheL458u9SmweztpT61Kig4Kk.jpg,540x360,Duplicate group; retain the preferred dataset split (Train > Test > Validation) and the highest-resolution copy within that split.
73,train,..\data\train\Donkey\251527543.jpg,160x240,test,..\data\test\Donkey\360_F_251527543_Ze1DCXd5UzNfmuQaccPXhMiA5ubBEKKd.jpg,240x360,Duplicate group; retain the preferred dataset split (Train > Test > Validation) and the highest-resolution copy within that split.
74,train,..\data\train\Donkey\funny-donkey.jpg,612x407,test,..\data\test\Donkey\funny-donkey-11066139 (2).jpg,768x511,Duplicate group; retain the preferred dataset split (Train > Test > Validation) and the highest-resolution copy within that split.
74,train,..\data\train\Donkey\funny-donkey.jpg,612x407,train,..\data\train\Donkey\28793069.jpg,361x240,Duplicate group; retain the preferred dataset split (Train > Test > Validation) and the highest-resolution copy within that split.
74,train,..\data\train\Donkey\funny-donkey.jpg,612x407,train,..\data\train\Donkey\360_F_28793069_IA3ZvPxuhiiCogtPHmm59I5oyEPyX4tg.jpg,541x360,Duplicate group; retain the preferred dataset split (Train > Test > Validation) and the highest-resolution copy within that split.
75,train,..\data\train\Donkey\308933651.jpg,360x240,test,..\data\test\Donkey\360_F_308933651_k6mv1GwHR5aU0XmQmVv0axnS97WtD4An.jpg,540x360,Duplicate group; retain the preferred dataset split (Train > Test > Validation) and the highest-resolution copy within that split.
76,train,..\data\train\Donkey\319942397.jpg,360x240,test,..\data\test\Donkey\360_F_319942397_4btynOXXhVKxL2D9psWFoLdly9bJrNRl.jpg,540x360,Duplicate group; retain the preferred dataset split (Train > Test > Validation) and the highest-resolution copy within that split.
77,train,..\data\train\Donkey\360_F_107916233_reewThZdzpZD82A5S1TgfUVqYPJx0vCi.jpg,540x360,validation,..\data\validation\Donkey\240_F_107916233_reewThZdzpZD82A5S1TgfUVqYPJx0vCi.jpg,360x240,Duplicate group; retain the preferred dataset split (Train > Test > Validation) and the highest-resolution copy within that split.
78,train,..\data\train\Donkey\360_F_117351782_ugRMzKUg8pz8ucKVqIPI1JzQSCItC0Hx.jpg,539x360,validation,..\data\validation\Donkey\1000_F_117351782_ugRMzKUg8pz8ucKVqIPI1JzQSCItC0Hx.jpg,1000x668,Duplicate group; retain the preferred dataset split (Train > Test > Validation) and the highest-resolution copy within that split.
78,train,..\data\train\Donkey\360_F_117351782_ugRMzKUg8pz8ucKVqIPI1JzQSCItC0Hx.jpg,539x360,train,..\data\train\Donkey\500_F_117351782_ugRMzKUg8pz8ucKVqIPI1JzQSCItC0Hx.jpg,500x334,Duplicate group; retain the preferred dataset split (Train > Test > Validation) and the highest-resolution copy within that split.
78,train,..\data\train\Donkey\360_F_117351782_ugRMzKUg8pz8ucKVqIPI1JzQSCItC0Hx.jpg,539x360,validation,..\data\validation\Donkey\240_F_117351782_ugRMzKUg8pz8ucKVqIPI1JzQSCItC0Hx.jpg,360x240,Duplicate group; retain the preferred dataset split (Train > Test > Validation) and the highest-resolution copy within that split.
78,train,..\data\train\Donkey\360_F_117351782_ugRMzKUg8pz8ucKVqIPI1JzQSCItC0Hx.jpg,539x360,train,..\data\train\Donkey\funny-donkey-road-transfagarasan-romanian-mountains-75232844 (5).jpg,400x267,Duplicate group; retain the preferred dataset split (Train > Test > Validation) and the highest-resolution copy within that split.
79,train,..\data\train\Donkey\360_F_12433896_2dqsp5Lg5ypdZNhugMhS0tNDbMOXJ0IC.jpg,422x360,validation,..\data\validation\Donkey\download (57).jpeg,422x360,Duplicate group; retain the preferred dataset split (Train > Test > Validation) and the highest-resolution copy within that split.
80,train,..\data\train\Donkey\360_F_310236025_Tky9W5QGSN8YOoRt044cdOWUaGUyMVzf.jpg,448x360,test,..\data\test\Donkey\240_F_310236025_Tky9W5QGSN8YOoRt044cdOWUaGUyMVzf.jpg,299x240,Duplicate group; retain the preferred dataset split (Train > Test > Validation) and the highest-resolution copy within that split.
81,train,..\data\train\Donkey\360_F_4763992_VA5FNaZ0AK7qBB5dj8HfsvlbgcPaFvya.jpg,480x360,validation,..\data\validation\Donkey\4763992.jpg,320x240,Duplicate group; retain the preferred dataset split (Train > Test > Validation) and the highest-resolution copy within that split.
82,train,..\data\train\Donkey\360_F_560309769_Hq2ka6GZ3d13IZAgJOlU0jYwgmU2lOpz.jpg,360x360,test,..\data\test\Donkey\download (73).jpeg,360x360,Duplicate group; retain the preferred dataset split (Train > Test > Validation) and the highest-resolution copy within that split.
83,train,..\data\train\Donkey\360_F_600374704_fLpNdrcj6DaFG0wJW1WowSRrLQyxEVDL.jpg,540x360,validation,..\data\validation\Donkey\240_F_600374704_fLpNdrcj6DaFG0wJW1WowSRrLQyxEVDL.jpg,360x240,Duplicate group; retain the preferred dataset split (Train > Test > Validation) and the highest-resolution copy within that split.
84,train,..\data\train\Donkey\360_F_72040089_NLsxgWAJFlBWsboATxtq4lkcDfTjhGZv.jpg,540x360,validation,..\data\validation\Donkey\72040089.jpg,360x240,Duplicate group; retain the preferred dataset split (Train > Test > Validation) and the highest-resolution copy within that split.
85,train,..\data\train\Donkey\982155_1_05-20-Hawaii-Donkey-Adoption_standard.jpg,900x600,test,..\data\test\Donkey\images - 2023-09-21T210236.549.jpeg,275x183,Duplicate group; retain the preferred dataset split (Train > Test > Validation) and the highest-resolution copy within that split.
86,train,..\data\train\Donkey\ab1c07_0106bc3554cf4f6f8520686d5c58faf7_mv2.jpg,1000x867,validation,..\data\validation\Donkey\images - 2023-09-21T210232.288.jpeg,241x209,Duplicate group; retain the preferred dataset split (Train > Test > Validation) and the highest-resolution copy within that split.
87,train,..\data\train\Donkey\donkey (6).jpg,780x439,validation,..\data\validation\Donkey\images - 2023-09-21T210227.966.jpeg,300x168,Duplicate group; retain the preferred dataset split (Train > Test > Validation) and the highest-resolution copy within that split.
88,train,..\data\train\Donkey\donkey-19838471 (2).jpg,576x439,validation,..\data\validation\Donkey\360_F_32973533_JEtAxS6lAnr6JpBfE3RGA4aTK3SPXKag.jpg,472x360,Duplicate group; retain the preferred dataset split (Train > Test > Validation) and the highest-resolution copy within that split.
88,train,..\data\train\Donkey\donkey-19838471 (2).jpg,576x439,train,..\data\train\Donkey\download (52).jpeg,472x360,Duplicate group; retain the preferred dataset split (Train > Test > Validation) and the highest-resolution copy within that split.
88,train,..\data\train\Donkey\donkey-19838471 (2).jpg,576x439,test,..\data\test\Donkey\32973533.jpg,315x240,Duplicate group; retain the preferred dataset split (Train > Test > Validation) and the highest-resolution copy within that split.
89,train,..\data\train\Donkey\donkey-breakfast-eating-grass-island-dugi-otok-adriatic-sea-dalmatia-croatia-31372898 (1).jpg,768x788,validation,..\data\validation\Donkey\donkey-breakfast-eating-grass-island-dugi-otok-adriatic-sea-dalmatia-croatia-31372898 (3).jpg,450x462,Duplicate group; retain the preferred dataset split (Train > Test > Validation) and the highest-resolution copy within that split.
90,train,..\data\train\Donkey\donkey-funny-animals-donkey-funny-animals-happy-humorous-donkey-laughing-something-very-very-funny-101898764 (1).jpg,800x533,test,..\data\test\Donkey\176786131.jpg,361x240,Duplicate group; retain the preferred dataset split (Train > Test > Validation) and the highest-resolution copy within that split.
90,train,..\data\train\Donkey\donkey-funny-animals-donkey-funny-animals-happy-humorous-donkey-laughing-something-very-very-funny-101898764 (1).jpg,800x533,test,..\data\test\Donkey\360_F_176786131_KnCinzfMZUaMLeQMKcMoYrBw3UGluQ15.jpg,541x360,Duplicate group; retain the preferred dataset split (Train > Test > Validation) and the highest-resolution copy within that split.
91,train,..\data\train\Donkey\donkey-isolated-white-background-65427303 (6).jpg,360x240,test,..\data\test\Donkey\360_F_100735777_sQnXog3SW5efY0FqOCAf2EsIg0tlrqeZ.jpg,540x360,Duplicate group; retain the preferred dataset split (Train > Test > Validation) and the highest-resolution copy within that split.
92,train,..\data\train\Donkey\donkeys-water-trough.jpg,498x332,test,..\data\test\Donkey\images - 2023-09-21T210236.022.jpeg,275x183,Duplicate group; retain the preferred dataset split (Train > Test > Validation) and the highest-resolution copy within that split.
93,train,..\data\train\Donkey\download (28).jpeg,275x183,test,..\data\test\Donkey\photo-1569506474518-ba135df90c6d.jpeg,1000x667,Duplicate group; retain the preferred dataset split (Train > Test > Validation) and the highest-resolution copy within that split.
94,train,..\data\train\Donkey\download (51).jpeg,479x360,validation,..\data\validation\Donkey\360_F_372909943_Ix9RxvSnevxsixNCaQVPufe89nemR1Ia.jpg,479x360,Duplicate group; retain the preferred dataset split (Train > Test > Validation) and the highest-resolution copy within that split.
94,train,..\data\train\Donkey\download (51).jpeg,479x360,validation,..\data\validation\Donkey\372909943.jpg,319x240,Duplicate group; retain the preferred dataset split (Train > Test > Validation) and the highest-resolution copy within that split.
95,train,..\data\train\Donkey\funny-donkey-meadow-open-mouth-55694688 (6).jpg,360x540,test,..\data\test\Donkey\download (29).jpeg,183x275,Duplicate group; retain the preferred dataset split (Train > Test > Validation) and the highest-resolution copy within that split.
96,train,..\data\train\Donkey\images - 2023-09-21T210227.662.jpeg,280x180,test,..\data\test\Donkey\Donkey_20muurtje.png,560x360,Duplicate group; retain the preferred dataset split (Train > Test > Validation) and the highest-resolution copy within that split.
97,train,..\data\train\Donkey\images - 2023-09-21T210229.230.jpeg,300x168,validation,..\data\validation\Donkey\Stolen_donkey_2.jpg,650x365,Duplicate group; retain the preferred dataset split (Train > Test > Validation) and the highest-resolution copy within that split.
98,train,..\data\train\Donkey\images - 2023-09-21T210229.634.jpeg,252x200,test,..\data\test\Donkey\Difference-Between-a-Donkey-and-a-Burro-1024x815.jpg,1024x815,Duplicate group; retain the preferred dataset split (Train > Test > Validation) and the highest-resolution copy within that split.
99,train,..\data\train\Donkey\images - 2023-09-21T210234.011.jpeg,275x183,test,..\data\test\Donkey\ATAN-El-Saff-108-copy.jpg,800x534,Duplicate group; retain the preferred dataset split (Train > Test > Validation) and the highest-resolution copy within that split.
100,train,..\data\train\Donkey\images - 2023-09-21T210235.252.jpeg,275x183,test,..\data\test\Donkey\Free Gray Donkey on Grass Stock Photo.jpg,500x333,Duplicate group; retain the preferred dataset split (Train > Test > Validation) and the highest-resolution copy within that split.
101,train,..\data\train\Donkey\images - 2023-09-21T210238.210.jpeg,275x183,validation,..\data\validation\Donkey\file-20221118-25-kjhzwj.jpg_ixlib=rb-1.1.jpg,754x504,Duplicate group; retain the preferred dataset split (Train > Test > Validation) and the highest-resolution copy within that split.
102,train,..\data\train\Donkey\images - 2023-09-21T210239.290.jpeg,275x183,test,..\data\test\Donkey\donkey-animal--500x500.jpg,500x334,Duplicate group; retain the preferred dataset split (Train > Test > Validation) and the highest-resolution copy within that split.
103,train,..\data\train\Donkey\images - 2023-09-21T210243.340.jpeg,259x194,validation,..\data\validation\Donkey\christmas2_orig.jpg,960x720,Duplicate group; retain the preferred dataset split (Train > Test > Validation) and the highest-resolution copy within that split.
104,train,..\data\train\Donkey\images - 2023-09-21T210245.348.jpeg,255x197,test,..\data\test\Donkey\thinkstockphotos-507006967_-_denboma_-_main.jpg,770x595,Duplicate group; retain the preferred dataset split (Train > Test > Validation) and the highest-resolution copy within that split.
105,train,..\data\train\Donkey\images - 2023-09-21T210247.332.jpeg,200x174,validation,..\data\validation\Donkey\donkey_noun_002_11261.jpg_version=5.0.jpg,200x174,Duplicate group; retain the preferred dataset split (Train > Test > Validation) and the highest-resolution copy within that split.
106,train,..\data\train\Donkey\photo-1602023395780-b36f512ae72d.jpeg,1000x667,validation,..\data\validation\Donkey\images - 2023-09-21T210233.936.jpeg,275x183,Duplicate group; retain the preferred dataset split (Train > Test > Validation) and the highest-resolution copy within that split.
107,train,..\data\train\Donkey\woman-1516716_1280.jpg,1280x663,validation,..\data\validation\Donkey\woman-1516716_640.jpg,640x331,Duplicate group; retain the preferred dataset split (Train > Test > Validation) and the highest-resolution copy within that split.
108,train,..\data\train\Goat\2d21b50ce97c6fed.jpg,1024x681,test,..\data\test\Goat\UAWIZKDYMDI1.jpg,256x256,Duplicate group; retain the preferred dataset split (Train > Test > Validation) and the highest-resolution copy within that split.
109,train,..\data\train\Goat\2KCOC6V0GEF1.jpg,256x256,validation,..\data\validation\Goat\bb344550466c5b2e.jpg,1024x768,Duplicate group; retain the preferred dataset split (Train > Test > Validation) and the highest-resolution copy within that split.
110,train,..\data\train\Goat\3c738dc9f5571930.jpg,1024x768,test,..\data\test\Goat\DKKMPSJ8L0HQ.jpg,256x256,Duplicate group; retain the preferred dataset split (Train > Test > Validation) and the highest-resolution copy within that split.
111,train,..\data\train\Goat\3e25c699605eb379.jpg,1024x768,test,..\data\test\Goat\GNHP8RKCO5QH.jpg,256x256,Duplicate group; retain the preferred dataset split (Train > Test > Validation) and the highest-resolution copy within that split.
112,train,..\data\train\Goat\3I8QKJB4KTQQ.jpg,256x256,test,..\data\test\Goat\316c79766dc073aa.jpg,1024x768,Duplicate group; retain the preferred dataset split (Train > Test > Validation) and the highest-resolution copy within that split.
113,train,..\data\train\Goat\419B4H7MX3W2.jpg,256x256,test,..\data\test\Goat\9HK8VZRB6EFT.jpg,256x256,Duplicate group; retain the preferred dataset split (Train > Test > Validation) and the highest-resolution copy within that split.
114,train,..\data\train\Goat\44WLHPFJTISV.jpg,256x256,test,..\data\test\Goat\241670ce818d0745.jpg,1024x739,Duplicate group; retain the preferred dataset split (Train > Test > Validation) and the highest-resolution copy within that split.
115,train,..\data\train\Sheep\45afbaca1e58504f.jpg,683x1024,train,..\data\train\Goat\45afbaca1e58504f.jpg,683x1024,Duplicate group; retain the preferred dataset split (Train > Test > Validation) and the highest-resolution copy within that split.
115,train,..\data\train\Sheep\45afbaca1e58504f.jpg,683x1024,validation,..\data\validation\Goat\IQSP190ZPV7T.jpg,256x256,Duplicate group; retain the preferred dataset split (Train > Test > Validation) and the highest-resolution copy within that split.
116,train,..\data\train\Goat\4c41513fb1c9bf62.jpg,768x1024,test,..\data\test\Goat\H89GA7E1FUQX.jpg,256x256,Duplicate group; retain the preferred dataset split (Train > Test > Validation) and the highest-resolution copy within that split.
117,train,..\data\train\Goat\4DPNXK4CYE3M.jpg,256x256,test,..\data\test\Goat\UPZPPU5VOWWZ.jpg,256x256,Duplicate group; retain the preferred dataset split (Train > Test > Validation) and the highest-resolution copy within that split.
118,train,..\data\train\Goat\64FBH6Q4A87B.jpg,256x256,validation,..\data\validation\Goat\7217537d27457d2d.jpg,1024x768,Duplicate group; retain the preferred dataset split (Train > Test > Validation) and the highest-resolution copy within that split.
119,train,..\data\train\Goat\771DO782AYT2.jpg,256x256,validation,..\data\validation\Goat\b0921cfe749da2d6.jpg,1024x1024,Duplicate group; retain the preferred dataset split (Train > Test > Validation) and the highest-resolution copy within that split.
120,train,..\data\train\Goat\8a60c9030d62458a.jpg,1024x680,test,..\data\test\Goat\O2VM0XV5WE8R.jpg,256x256,Duplicate group; retain the preferred dataset split (Train > Test > Validation) and the highest-resolution copy within that split.
121,train,..\data\train\Goat\9353f1d1918996b0.jpg,1024x593,test,..\data\test\Goat\KO5O9CTSKGZH.jpg,256x256,Duplicate group; retain the preferred dataset split (Train > Test > Validation) and the highest-resolution copy within that split.
121,train,..\data\train\Goat\9353f1d1918996b0.jpg,1024x593,train,..\data\train\Sheep\9353f1d1918996b0.jpg,1024x593,Duplicate group; retain the preferred dataset split (Train > Test > Validation) and the highest-resolution copy within that split.
122,train,..\data\train\Goat\acaf1dffe0ca6b68.jpg,1024x683,validation,..\data\validation\Goat\YRUEORKVZ1P8.jpg,256x256,Duplicate group; retain the preferred dataset split (Train > Test > Validation) and the highest-resolution copy within that split.
123,train,..\data\train\Goat\BOE6HR92RNGG.jpg,256x256,validation,..\data\validation\Goat\NJYQRW924RAU.jpg,256x256,Duplicate group; retain the preferred dataset split (Train > Test > Validation) and the highest-resolution copy within that split.
124,train,..\data\train\Goat\c436f84503ffbdb2.jpg,1024x686,test,..\data\test\Goat\LSTUTXZKRYAF.jpg,256x256,Duplicate group; retain the preferred dataset split (Train > Test > Validation) and the highest-resolution copy within that split.
125,train,..\data\train\Goat\d28a4e60df2d1da9.jpg,1024x980,test,..\data\test\Goat\65TA1NQL9Z4W.jpg,256x256,Duplicate group; retain the preferred dataset split (Train > Test > Validation) and the highest-resolution copy within that split.
126,train,..\data\train\Goat\df8740483237b407.jpg,1024x681,test,..\data\test\Goat\UX1S2TAG8LK2.jpg,256x256,Duplicate group; retain the preferred dataset split (Train > Test > Validation) and the highest-resolution copy within that split.
127,train,..\data\train\Goat\DVG1C451JX44.jpg,256x256,test,..\data\test\Goat\3750075e3b01b1f9.jpg,1024x681,Duplicate group; retain the preferred dataset split (Train > Test > Validation) and the highest-resolution copy within that split.
128,train,..\data\train\Goat\EN7B22010YYE.jpg,256x256,test,..\data\test\Goat\1c169ca0ae17a9bd.jpg,1024x683,Duplicate group; retain the preferred dataset split (Train > Test > Validation) and the highest-resolution copy within that split.
129,train,..\data\train\Goat\F1GGX0XHKV6I.jpg,256x256,test,..\data\test\Sheep\0de810360aa4ab15.jpg,1024x680,Duplicate group; retain the preferred dataset split (Train > Test > Validation) and the highest-resolution copy within that split.
130,train,..\data\train\Goat\IA2JU4QJTU3V.jpg,256x256,test,..\data\test\Goat\4ba875064f8417e9.jpg,1024x683,Duplicate group; retain the preferred dataset split (Train > Test > Validation) and the highest-resolution copy within that split.
131,train,..\data\train\Goat\PENIVS6ZZTCD.jpg,256x256,validation,..\data\validation\Goat\bc9b4cd47622bec7.jpg,1024x685,Duplicate group; retain the preferred dataset split (Train > Test > Validation) and the highest-resolution copy within that split.
132,train,..\data\train\Goat\Y9LAQURYPNXM.jpg,256x256,test,..\data\test\Goat\538ac1a4ddf9ed1f.jpg,1023x768,Duplicate group; retain the preferred dataset split (Train > Test > Validation) and the highest-resolution copy within that split.
133,train,..\data\train\Goat\Y9RPQUZ3QFUB.jpg,256x256,test,..\data\test\Goat\a7784d0208fe980c.jpg,1024x680,Duplicate group; retain the preferred dataset split (Train > Test > Validation) and the highest-resolution copy within that split.
134,train,..\data\train\Horse\041ad9ea598c47ad.jpg,1024x766,test,..\data\test\Horse\5A898HOJILRS.jpg,256x256,Duplicate group; retain the preferred dataset split (Train > Test > Validation) and the highest-resolution copy within that split.
135,train,..\data\train\Horse\0L8IORDNDX51.jpg,256x256,validation,..\data\validation\Horse\a0bbe103ce17390e.jpg,1024x683,Duplicate group; retain the preferred dataset split (Train > Test > Validation) and the highest-resolution copy within that split.
136,train,..\data\train\Horse\189f2b0b825a651d.jpg,1024x681,validation,..\data\validation\Horse\X328MLW7PEIX.jpg,256x256,Duplicate group; retain the preferred dataset split (Train > Test > Validation) and the highest-resolution copy within that split.
137,train,..\data\train\Horse\1F8AUZEIEXGG.jpg,256x256,test,..\data\test\Horse\36WMPOU7QWJZ.jpg,256x256,Duplicate group; retain the preferred dataset split (Train > Test > Validation) and the highest-resolution copy within that split.
138,train,..\data\train\Horse\236822e07c378be2.jpg,1024x768,validation,..\data\validation\Horse\XGE6F8KBAN55.jpg,256x256,Duplicate group; retain the preferred dataset split (Train > Test > Validation) and the highest-resolution copy within that split.
139,train,..\data\train\Horse\3KUPQKO7XMJX.jpg,256x256,validation,..\data\validation\Horse\bc9e0a0abfc61d8a.jpg,1024x768,Duplicate group; retain the preferred dataset split (Train > Test > Validation) and the highest-resolution copy within that split.
140,train,..\data\train\Horse\41BBIV2FSL66.jpg,256x256,test,..\data\test\Horse\UWNM52DJW4RG.jpg,256x256,Duplicate group; retain the preferred dataset split (Train > Test > Validation) and the highest-resolution copy within that split.
141,train,..\data\train\Horse\4BY9I1K0VVLW.jpg,256x256,test,..\data\test\Horse\8OAVLX14HIXI.jpg,256x256,Duplicate group; retain the preferred dataset split (Train > Test > Validation) and the highest-resolution copy within that split.
142,train,..\data\train\Horse\4LLNNNWLS2CR.jpg,256x256,test,..\data\test\Horse\848d2ec368783082.jpg,1024x768,Duplicate group; retain the preferred dataset split (Train > Test > Validation) and the highest-resolution copy within that split.
143,train,..\data\train\Horse\4XW3VLJBBFDG.jpg,256x256,test,..\data\test\Horse\c29b524d87a7fc0d.jpg,1024x1024,Duplicate group; retain the preferred dataset split (Train > Test > Validation) and the highest-resolution copy within that split.
144,train,..\data\train\Horse\50fc5ad801b87e04.jpg,1024x768,test,..\data\test\Horse\T8AUSV1RVZZA.jpg,256x256,Duplicate group; retain the preferred dataset split (Train > Test > Validation) and the highest-resolution copy within that split.
145,train,..\data\train\Horse\5CNV4RUMRSPT.jpg,256x256,test,..\data\test\Horse\Y4NKMFDY9E7V.jpg,256x256,Duplicate group; retain the preferred dataset split (Train > Test > Validation) and the highest-resolution copy within that split.
146,train,..\data\train\Horse\69VEVWCC22ZD.jpg,256x256,test,..\data\test\Horse\ba18a90e46a05f4f.jpg,1024x814,Duplicate group; retain the preferred dataset split (Train > Test > Validation) and the highest-resolution copy within that split.
147,train,..\data\train\Horse\6PA3B5VQOCFU.jpg,256x256,test,..\data\test\Horse\CGKXW18VPQ56.jpg,256x256,Duplicate group; retain the preferred dataset split (Train > Test > Validation) and the highest-resolution copy within that split.
148,train,..\data\train\Horse\76ce70eef13243d0.jpg,681x1024,test,..\data\test\Horse\0IMFZ79PCC7P.jpg,256x256,Duplicate group; retain the preferred dataset split (Train > Test > Validation) and the highest-resolution copy within that split.
149,train,..\data\train\Horse\7c139f8ecea59117.jpg,1024x622,test,..\data\test\Horse\8RBL6UC5CPPV.jpg,256x256,Duplicate group; retain the preferred dataset split (Train > Test > Validation) and the highest-resolution copy within that split.
150,train,..\data\train\Horse\7NTPTYS826SC.jpg,256x256,test,..\data\test\Horse\7e3a732623b6f59c.jpg,683x1024,Duplicate group; retain the preferred dataset split (Train > Test > Validation) and the highest-resolution copy within that split.
151,train,..\data\train\Horse\83fb125902095ba3.jpg,1024x819,validation,..\data\validation\Horse\0N3B7YQZTXAF.jpg,256x256,Duplicate group; retain the preferred dataset split (Train > Test > Validation) and the highest-resolution copy within that split.
152,train,..\data\train\Horse\865610e59aaa728f.jpg,1024x731,test,..\data\test\Horse\I3SMACU7614K.jpg,256x256,Duplicate group; retain the preferred dataset split (Train > Test > Validation) and the highest-resolution copy within that split.
153,train,..\data\train\Horse\881bd1e3ffd10f96.jpg,1024x683,validation,..\data\validation\Horse\TBFHTQIU3RY1.jpg,256x256,Duplicate group; retain the preferred dataset split (Train > Test > Validation) and the highest-resolution copy within that split.
154,train,..\data\train\Horse\8BZYCR1250IW.jpg,256x256,validation,..\data\validation\Horse\39468b81eaa62ba7.jpg,1024x683,Duplicate group; retain the preferred dataset split (Train > Test > Validation) and the highest-resolution copy within that split.
155,train,..\data\train\Horse\8efb164294639151.jpg,612x1024,validation,..\data\validation\Horse\6H28D1E2DGVO.jpg,256x256,Duplicate group; retain the preferred dataset split (Train > Test > Validation) and the highest-resolution copy within that split.
156,train,..\data\train\Horse\8UCTT6KBC3EZ.jpg,256x256,test,..\data\test\Horse\4d5d7b41d0eb43d3.jpg,1024x681,Duplicate group; retain the preferred dataset split (Train > Test > Validation) and the highest-resolution copy within that split.
157,train,..\data\train\Horse\9302f85f8d5e7643.jpg,685x1024,test,..\data\test\Horse\WT84B2V1TR55.jpg,256x256,Duplicate group; retain the preferred dataset split (Train > Test > Validation) and the highest-resolution copy within that split.
158,train,..\data\train\Horse\9HKQIKCD1065.jpg,256x256,validation,..\data\validation\Horse\601f519aef0f6c80.jpg,1024x768,Duplicate group; retain the preferred dataset split (Train > Test > Validation) and the highest-resolution copy within that split.
159,train,..\data\train\Horse\9MXNIFHJONF4.jpg,256x256,test,..\data\test\Horse\VXTQWUB0FO7I.jpg,256x256,Duplicate group; retain the preferred dataset split (Train > Test > Validation) and the highest-resolution copy within that split.
160,train,..\data\train\Horse\ad117571b12f0555.jpg,1024x807,test,..\data\test\Horse\FVFAC2V92DTN.jpg,256x256,Duplicate group; retain the preferred dataset split (Train > Test > Validation) and the highest-resolution copy within that split.
161,train,..\data\train\Horse\dc78deadc9fd2644.jpg,837x1024,test,..\data\test\Horse\LZUNN23FFRYZ.jpg,256x256,Duplicate group; retain the preferred dataset split (Train > Test > Validation) and the highest-resolution copy within that split.
162,train,..\data\train\Horse\de6626faad0a695a.jpg,768x1024,test,..\data\test\Horse\FLR6PJLCRTBH.jpg,256x256,Duplicate group; retain the preferred dataset split (Train > Test > Validation) and the highest-resolution copy within that split.
163,train,..\data\train\Horse\E53D5GDVR0DY.jpg,256x256,test,..\data\test\Horse\UMNOBYNA9VXG.jpg,256x256,Duplicate group; retain the preferred dataset split (Train > Test > Validation) and the highest-resolution copy within that split.
164,train,..\data\train\Horse\ELGWGDWREUP8.jpg,256x256,test,..\data\test\Horse\92364ad181cb9767.jpg,1024x768,Duplicate group; retain the preferred dataset split (Train > Test > Validation) and the highest-resolution copy within that split.
165,train,..\data\train\Horse\EVL9RRDU92CS.jpg,256x256,test,..\data\test\Horse\8Q8PTHXB6HGI.jpg,256x256,Duplicate group; retain the preferred dataset split (Train > Test > Validation) and the highest-resolution copy within that split.
166,train,..\data\train\Horse\EY3PQUBPCXR1.jpg,256x256,test,..\data\test\Horse\63VZ2EZ2DSLI.jpg,256x256,Duplicate group; retain the preferred dataset split (Train > Test > Validation) and the highest-resolution copy within that split.
167,train,..\data\train\Horse\f569a87550ee2c45.jpg,800x1024,test,..\data\test\Horse\B1GS9Y20AJVV.jpg,256x256,Duplicate group; retain the preferred dataset split (Train > Test > Validation) and the highest-resolution copy within that split.
168,train,..\data\train\Horse\fecb05feac0d8904.jpg,1024x768,test,..\data\test\Horse\AMW9J5B70WU2.jpg,256x256,Duplicate group; retain the preferred dataset split (Train > Test > Validation) and the highest-resolution copy within that split.
169,train,..\data\train\Horse\GHARYPBJFOLU.jpg,256x256,test,..\data\test\Horse\Z4OEKB4N89SU.jpg,256x256,Duplicate group; retain the preferred dataset split (Train > Test > Validation) and the highest-resolution copy within that split.
170,train,..\data\train\Horse\H1YFK8O3G47D.jpg,256x256,validation,..\data\validation\Horse\U5X4FK7PT277.jpg,256x256,Duplicate group; retain the preferred dataset split (Train > Test > Validation) and the highest-resolution copy within that split.
171,train,..\data\train\Horse\IFUQ8NHB1QUU.jpg,256x256,validation,..\data\validation\Horse\964b7e32c27ec731.jpg,1024x683,Duplicate group; retain the preferred dataset split (Train > Test > Validation) and the highest-resolution copy within that split.
172,train,..\data\train\Horse\JJQ4BMUY06IV.jpg,256x256,test,..\data\test\Horse\070ff7a795140002.jpg,1024x768,Duplicate group; retain the preferred dataset split (Train > Test > Validation) and the highest-resolution copy within that split.
173,train,..\data\train\Horse\JJVM7W5R29G5.jpg,256x256,test,..\data\test\Horse\0df4980c1dccda78.jpg,1024x683,Duplicate group; retain the preferred dataset split (Train > Test > Validation) and the highest-resolution copy within that split.
174,train,..\data\train\Horse\JXCYEX0G5H1I.jpg,256x256,test,..\data\test\Horse\af1ea641ee51e43a.jpg,1024x1024,Duplicate group; retain the preferred dataset split (Train > Test > Validation) and the highest-resolution copy within that split.
175,train,..\data\train\Horse\KFBYKBC7PB7I.jpg,256x256,validation,..\data\validation\Horse\A8R5JSGE8GDA.jpg,256x256,Duplicate group; retain the preferred dataset split (Train > Test > Validation) and the highest-resolution copy within that split.
176,train,..\data\train\Horse\KTOACZ5LY6MR.jpg,256x256,test,..\data\test\Horse\CIC032XHTFRG.jpg,256x256,Duplicate group; retain the preferred dataset split (Train > Test > Validation) and the highest-resolution copy within that split.
177,train,..\data\train\Horse\L2NESP365RRZ.jpg,256x256,test,..\data\test\Horse\PMXBIJHVI5RL.jpg,256x256,Duplicate group; retain the preferred dataset split (Train > Test > Validation) and the highest-resolution copy within that split.
178,train,..\data\train\Horse\LAVDUYHXGFY5.jpg,256x256,validation,..\data\validation\Horse\0a8c7bbae99db4df.jpg,1024x768,Duplicate group; retain the preferred dataset split (Train > Test > Validation) and the highest-resolution copy within that split.
179,train,..\data\train\Horse\M43AT7C80S5S.jpg,256x256,test,..\data\test\Horse\814912f96ea43a01.jpg,1024x768,Duplicate group; retain the preferred dataset split (Train > Test > Validation) and the highest-resolution copy within that split.
180,train,..\data\train\Horse\MNTUKUU1OQWN.jpg,256x256,test,..\data\test\Horse\b4ee48bcaecac9dd.jpg,1024x768,Duplicate group; retain the preferred dataset split (Train > Test > Validation) and the highest-resolution copy within that split.
181,train,..\data\train\Horse\NNIPEJEY8YJY.jpg,256x256,test,..\data\test\Horse\9df087f72bc75a7c.jpg,1024x676,Duplicate group; retain the preferred dataset split (Train > Test > Validation) and the highest-resolution copy within that split.
182,train,..\data\train\Horse\O24GSR6MTQT9.jpg,256x256,test,..\data\test\Horse\J99C2EKB5QU1.jpg,256x256,Duplicate group; retain the preferred dataset split (Train > Test > Validation) and the highest-resolution copy within that split.
183,train,..\data\train\Horse\OF89SWTOQ8LR.jpg,256x256,validation,..\data\validation\Horse\6e949ce14484a263.jpg,1024x768,Duplicate group; retain the preferred dataset split (Train > Test > Validation) and the highest-resolution copy within that split.
184,train,..\data\train\Horse\QS7UWQI44MHQ.jpg,256x256,test,..\data\test\Horse\7BDYTKVV14GI.jpg,256x256,Duplicate group; retain the preferred dataset split (Train > Test > Validation) and the highest-resolution copy within that split.
185,train,..\data\train\Horse\R0Y6LSYB98AY.jpg,256x256,test,..\data\test\Horse\06c17b79bde56cd3.jpg,1024x789,Duplicate group; retain the preferred dataset split (Train > Test > Validation) and the highest-resolution copy within that split.
186,train,..\data\train\Horse\RT9076SW0XRP.jpg,256x256,test,..\data\test\Horse\IIKYITH8ORJA.jpg,256x256,Duplicate group; retain the preferred dataset split (Train > Test > Validation) and the highest-resolution copy within that split.
187,train,..\data\train\Horse\S4JI9O0IDDBW.jpg,256x256,validation,..\data\validation\Horse\F3CUTQ56ZOLG.jpg,256x256,Duplicate group; retain the preferred dataset split (Train > Test > Validation) and the highest-resolution copy within that split.
188,train,..\data\train\Horse\TGQBKSR8K1TW.jpg,256x256,test,..\data\test\Horse\db435eb6d22291ce.jpg,683x1024,Duplicate group; retain the preferred dataset split (Train > Test > Validation) and the highest-resolution copy within that split.
189,train,..\data\train\Horse\TPYQQD6YG1D9.jpg,256x256,test,..\data\test\Horse\72236a985d3d8876.jpg,1024x683,Duplicate group; retain the preferred dataset split (Train > Test > Validation) and the highest-resolution copy within that split.
190,train,..\data\train\Horse\UEMVSGTJGH6F.jpg,256x256,test,..\data\test\Horse\28cfc2f65a6e8e3d.jpg,683x1024,Duplicate group; retain the preferred dataset split (Train > Test > Validation) and the highest-resolution copy within that split.
191,train,..\data\train\Horse\VBGWKZR80VYA.jpg,256x256,validation,..\data\validation\Horse\75f6cee67ba1c9d9.jpg,1024x680,Duplicate group; retain the preferred dataset split (Train > Test > Validation) and the highest-resolution copy within that split.
192,train,..\data\train\Horse\WWDDWRKPLK4F.jpg,256x256,test,..\data\test\Horse\d8766f5ce909e95c.jpg,1024x866,Duplicate group; retain the preferred dataset split (Train > Test > Validation) and the highest-resolution copy within that split.
193,train,..\data\train\Horse\XY7O4UPQPNJU.jpg,256x256,test,..\data\test\Horse\3cf84e8fbf9a8a84.jpg,1024x683,Duplicate group; retain the preferred dataset split (Train > Test > Validation) and the highest-resolution copy within that split.
194,train,..\data\train\Horse\XZ0Y9CAA6TW9.jpg,256x256,validation,..\data\validation\Horse\JXMVHT6MJ1Q4.jpg,256x256,Duplicate group; retain the preferred dataset split (Train > Test > Validation) and the highest-resolution copy within that split.
195,train,..\data\train\Horse\YT0W1WMSZXCH.jpg,256x256,validation,..\data\validation\Horse\6DGNCS2RFMQG.jpg,256x256,Duplicate group; retain the preferred dataset split (Train > Test > Validation) and the highest-resolution copy within that split.
196,train,..\data\train\Pig\2Z9D1OYZLNFW.jpg,256x256,validation,..\data\validation\Pig\E013L4NS8AMR.jpg,256x256,Duplicate group; retain the preferred dataset split (Train > Test > Validation) and the highest-resolution copy within that split.
197,train,..\data\train\Pig\c41b5aa76b285843.jpg,1024x681,test,..\data\test\Pig\NSBO9FEU56WA.jpg,256x256,Duplicate group; retain the preferred dataset split (Train > Test > Validation) and the highest-resolution copy within that split.
198,train,..\data\train\Pig\EDWVMSKIWXNG.jpg,256x256,test,..\data\test\Pig\XQ4P7M24N182.jpg,256x256,Duplicate group; retain the preferred dataset split (Train > Test > Validation) and the highest-resolution copy within that split.
199,train,..\data\train\Pig\FAK35W2XEGI1.jpg,256x256,validation,..\data\validation\Pig\600a2b8a40329ef4.jpg,1024x680,Duplicate group; retain the preferred dataset split (Train > Test > Validation) and the highest-resolution copy within that split.
200,train,..\data\train\Sheep\8.jpg,287x176,validation,..\data\validation\Sheep\ovelha-706x432.jpg,706x432,Duplicate group; retain the preferred dataset split (Train > Test > Validation) and the highest-resolution copy within that split.
201,train,..\data\train\Sheep\95439-004-F76906F9.jpg,550x354,test,..\data\test\Sheep\sheep-picture-141095-3623502.jpg,500x322,Duplicate group; retain the preferred dataset split (Train > Test > Validation) and the highest-resolution copy within that split.
202,train,..\data\train\Sheep\chimera-majestic-sheep-tongue.jpg,1500x1000,validation,..\data\validation\Sheep\funny-sheep-portrait-of-sheep-showing-tongue.jpg,612x408,Duplicate group; retain the preferred dataset split (Train > Test > Validation) and the highest-resolution copy within that split.
202,train,..\data\train\Sheep\chimera-majestic-sheep-tongue.jpg,1500x1000,train,..\data\train\Sheep\Funny sheep stock images.jpg,800x534,Duplicate group; retain the preferred dataset split (Train > Test > Validation) and the highest-resolution copy within that split.
203,train,..\data\train\Sheep\herd of sheep on green grass field during daytime (7).jpg,4032x3024,validation,..\data\validation\Sheep\photo-1592408465270-9e669f6761f4.jpeg,4032x3024,Duplicate group; retain the preferred dataset split (Train > Test > Validation) and the highest-resolution copy within that split.
204,train,..\data\train\Sheep\photo-1511117833895-4b473c0b85d6.jpeg,5184x3456,test,..\data\test\Sheep\four lambs on ground.jpg,5184x3456,Duplicate group; retain the preferred dataset split (Train > Test > Validation) and the highest-resolution copy within that split.
205,train,..\data\train\Sheep\photo-1532362091753-d53721a3e82c.jpeg,3948x2905,test,..\data\test\Sheep\brown sheep on green lawn grasses at daytime.jpg,3948x2905,Duplicate group; retain the preferred dataset split (Train > Test > Validation) and the highest-resolution copy within that split.
206,train,..\data\train\Sheep\photo-1535979863199-3c77338429a0.jpeg,4470x3126,validation,..\data\validation\Sheep\white and gray sheep lamb.jpg,4470x3126,Duplicate group; retain the preferred dataset split (Train > Test > Validation) and the highest-resolution copy within that split.
207,train,..\data\train\Sheep\photo-1575014912260-91c2b5ad7441.jpeg,3865x5798,test,..\data\test\Sheep\white sheep on field.jpg,3865x5798,Duplicate group; retain the preferred dataset split (Train > Test > Validation) and the highest-resolution copy within that split.
208,train,..\data\train\Sheep\photo-1580764202408-27bd825b2818.jpeg,3872x2592,test,..\data\test\Sheep\white sheep on green grass during daytime (4).jpg,3872x2592,Duplicate group; retain the preferred dataset split (Train > Test > Validation) and the highest-resolution copy within that split.
209,train,..\data\train\Sheep\sheep on grass field.jpg,5155x6444,test,..\data\test\Sheep\photo-1528709024086-98a7672e0b9d.jpeg,5155x6444,Duplicate group; retain the preferred dataset split (Train > Test > Validation) and the highest-resolution copy within that split.
210,train,..\data\train\Sheep\sheep1.jpg,586x396,validation,..\data\validation\Sheep\24.jpg,273x184,Duplicate group; retain the preferred dataset split (Train > Test > Validation) and the highest-resolution copy within that split.
211,train,..\data\train\Sheep\side-view-of-a-sheep-looking-away-against-white-background.jpg,612x543,test,..\data\test\Sheep\Depositphotos_21606799_XL-1024x909.jpg,1024x909,Duplicate group; retain the preferred dataset split (Train > Test > Validation) and the highest-resolution copy within that split.
212,train,..\data\train\Sheep\white sheep near the brown board.jpg,4287x2858,test,..\data\test\Sheep\photo-1448227700746-d8eab5a1b9d7.jpeg,4287x2858,Duplicate group; retain the preferred dataset split (Train > Test > Validation) and the highest-resolution copy within that split.
213,train,..\data\train\Sheep\white sheep on green grass during daytime (3).jpg,4000x6000,test,..\data\test\Sheep\photo-1586518532933-0c9631bca14f.jpeg,4000x6000,Duplicate group; retain the preferred dataset split (Train > Test > Validation) and the highest-resolution copy within that split.
214,train,..\data\train\Sheep\white sheep on road.jpg,3988x2817,validation,..\data\validation\Sheep\photo-1557881709-f5c255f44c2a.jpeg,3988x2817,Duplicate group; retain the preferred dataset split (Train > Test > Validation) and the highest-resolution copy within that split.
215,train,..\data\train\Sheep\white sheeps on grass field.jpg,5568x3712,test,..\data\test\Sheep\photo-1571983747395-db386e3edd0d.jpeg,5568x3712,Duplicate group; retain the preferred dataset split (Train > Test > Validation) and the highest-resolution copy within that split.
216,test,..\data\test\Camel\E4BIKYBDU0P6.jpg,256x256,validation,..\data\validation\Camel\028_0096.jpg,599x418,Duplicate group; retain the preferred dataset split (Train > Test > Validation) and the highest-resolution copy within that split.
217,test,..\data\test\Camel\47GRO9X4LU03.jpg,256x256,validation,..\data\validation\Camel\418545e02fda2f4e.jpg,1024x1024,Duplicate group; retain the preferred dataset split (Train > Test > Validation) and the highest-resolution copy within that split.
218,test,..\data\test\Camel\camel_dromedary.jpg,1000x667,validation,..\data\validation\Camel\81MOS5D1AQ0Q.jpg,256x256,Duplicate group; retain the preferred dataset split (Train > Test > Validation) and the highest-resolution copy within that split.
219,test,..\data\test\Camel\6eceaff29e2513d4.jpg,1024x907,validation,..\data\validation\Camel\9LKYIM4KI81X.jpg,256x256,Duplicate group; retain the preferred dataset split (Train > Test > Validation) and the highest-resolution copy within that split.
220,test,..\data\test\Camel\CC9RNVAO2QT5.jpg,256x256,validation,..\data\validation\Camel\b826e80084f14d3e.jpg,1024x814,Duplicate group; retain the preferred dataset split (Train > Test > Validation) and the highest-resolution copy within that split.
221,test,..\data\test\Camel\camel_bactrian01.jpg,1000x667,validation,..\data\validation\Camel\D6PJ881B76E0.jpg,256x256,Duplicate group; retain the preferred dataset split (Train > Test > Validation) and the highest-resolution copy within that split.
222,test,..\data\test\Camel\50XPF2LZWNAI.jpg,256x256,validation,..\data\validation\Camel\e50cb09f2b4fdf1f.jpg,1024x680,Duplicate group; retain the preferred dataset split (Train > Test > Validation) and the highest-resolution copy within that split.
223,test,..\data\test\Chicken\I05XN1EPRZS2.jpg,256x256,validation,..\data\validation\Chicken\03bc7fbc956b3a9a.jpg,1024x789,Duplicate group; retain the preferred dataset split (Train > Test > Validation) and the highest-resolution copy within that split.
224,test,..\data\test\Chicken\KABG3W3CT0K3.jpg,256x256,validation,..\data\validation\Chicken\0a8a5aa471796fd5.jpg,1024x683,Duplicate group; retain the preferred dataset split (Train > Test > Validation) and the highest-resolution copy within that split.
225,test,..\data\test\Chicken\D1O86IZKBQ9L.jpg,256x256,validation,..\data\validation\Chicken\0e5ecc56e464dcb8.jpg,1024x768,Duplicate group; retain the preferred dataset split (Train > Test > Validation) and the highest-resolution copy within that split.
226,test,..\data\test\Chicken\5S2Z8N8RHE3T.jpg,256x256,validation,..\data\validation\Chicken\0e9be8b09f71f909.jpg,1024x683,Duplicate group; retain the preferred dataset split (Train > Test > Validation) and the highest-resolution copy within that split.
227,test,..\data\test\Chicken\IYZMV867A26B.jpg,256x256,validation,..\data\validation\Chicken\0f8a38312499d209.jpg,683x1024,Duplicate group; retain the preferred dataset split (Train > Test > Validation) and the highest-resolution copy within that split.
228,test,..\data\test\Chicken\883fcc7051511816.jpg,681x1024,validation,..\data\validation\Chicken\0K3D5SDTO0RJ.jpg,256x256,Duplicate group; retain the preferred dataset split (Train > Test > Validation) and the highest-resolution copy within that split.
229,test,..\data\test\Chicken\ZM54OY1DI50R.jpg,256x256,validation,..\data\validation\Chicken\16e942cd3f23c02f.jpg,1024x683,Duplicate group; retain the preferred dataset split (Train > Test > Validation) and the highest-resolution copy within that split.
230,test,..\data\test\Chicken\JU9GS5HVRXIS.jpg,256x256,validation,..\data\validation\Chicken\1b9b848cad0e10c5.jpg,1024x768,Duplicate group; retain the preferred dataset split (Train > Test > Validation) and the highest-resolution copy within that split.
231,test,..\data\test\Chicken\21bc68f567ac688a.jpg,1024x768,validation,..\data\validation\Chicken\1ZLB7IELNMCD.jpg,256x256,Duplicate group; retain the preferred dataset split (Train > Test > Validation) and the highest-resolution copy within that split.
232,test,..\data\test\Chicken\E75MU344O6R4.jpg,256x256,validation,..\data\validation\Chicken\225e2b45dd437a3f.jpg,1024x789,Duplicate group; retain the preferred dataset split (Train > Test > Validation) and the highest-resolution copy within that split.
233,test,..\data\test\Chicken\FNIDE6R4NAJL.jpg,256x256,validation,..\data\validation\Chicken\3593119841138bdb.jpg,683x1024,Duplicate group; retain the preferred dataset split (Train > Test > Validation) and the highest-resolution copy within that split.
234,test,..\data\test\Chicken\8UQYKTHY3TCT.jpg,256x256,validation,..\data\validation\Chicken\469ae737247d3e1b.jpg,1024x768,Duplicate group; retain the preferred dataset split (Train > Test > Validation) and the highest-resolution copy within that split.
235,test,..\data\test\Chicken\46MEGNWJ79H8.jpg,256x256,validation,..\data\validation\Chicken\52ae7e28296af990.jpg,1024x768,Duplicate group; retain the preferred dataset split (Train > Test > Validation) and the highest-resolution copy within that split.
236,test,..\data\test\Chicken\ZNZNPE7F82UI.jpg,256x256,validation,..\data\validation\Chicken\571160c940815e53.jpg,1024x683,Duplicate group; retain the preferred dataset split (Train > Test > Validation) and the highest-resolution copy within that split.
237,test,..\data\test\Chicken\I8OAQSZH3LRM.jpg,256x256,validation,..\data\validation\Chicken\57a5b6049d288489.jpg,1024x768,Duplicate group; retain the preferred dataset split (Train > Test > Validation) and the highest-resolution copy within that split.
238,test,..\data\test\Chicken\D0A5WJF0SPCG.jpg,256x256,validation,..\data\validation\Chicken\610c02c44c720c8e.jpg,1024x768,Duplicate group; retain the preferred dataset split (Train > Test > Validation) and the highest-resolution copy within that split.
239,test,..\data\test\Chicken\6UODE0QT20LI.jpg,256x256,validation,..\data\validation\Chicken\63313d1b53990ee4.jpg,1024x768,Duplicate group; retain the preferred dataset split (Train > Test > Validation) and the highest-resolution copy within that split.
240,test,..\data\test\Chicken\JVW59V4GDUA3.jpg,256x256,validation,..\data\validation\Chicken\6495694a3058938f.jpg,1024x678,Duplicate group; retain the preferred dataset split (Train > Test > Validation) and the highest-resolution copy within that split.
241,test,..\data\test\Chicken\HVKCPZQ70LP7.jpg,256x256,validation,..\data\validation\Chicken\665843d2606bf54e.jpg,685x1024,Duplicate group; retain the preferred dataset split (Train > Test > Validation) and the highest-resolution copy within that split.
242,test,..\data\test\Chicken\E0BFQBPEPYNT.jpg,256x256,validation,..\data\validation\Chicken\6af69ec1aa5723d6.jpg,1024x681,Duplicate group; retain the preferred dataset split (Train > Test > Validation) and the highest-resolution copy within that split.
243,test,..\data\test\Chicken\DXSL1Q28GDAX.jpg,256x256,validation,..\data\validation\Chicken\7a4e1b285944b27f.jpg,1024x768,Duplicate group; retain the preferred dataset split (Train > Test > Validation) and the highest-resolution copy within that split.
244,test,..\data\test\Chicken\cfcf6b9913f569be.jpg,1024x768,validation,..\data\validation\Chicken\7IA0ZH8WJAJW.jpg,256x256,Duplicate group; retain the preferred dataset split (Train > Test > Validation) and the highest-resolution copy within that split.
245,test,..\data\test\Chicken\EBYWHQD79W1U.jpg,256x256,validation,..\data\validation\Chicken\877932304a4b13fc.jpg,1024x613,Duplicate group; retain the preferred dataset split (Train > Test > Validation) and the highest-resolution copy within that split.
246,test,..\data\test\Chicken\e3960e74324f46cb.jpg,1024x683,validation,..\data\validation\Chicken\87MJQ21RUJO3.jpg,256x256,Duplicate group; retain the preferred dataset split (Train > Test > Validation) and the highest-resolution copy within that split.
247,test,..\data\test\Chicken\JXSLVZTT741L.jpg,256x256,validation,..\data\validation\Chicken\8841f38273268a49.jpg,1024x685,Duplicate group; retain the preferred dataset split (Train > Test > Validation) and the highest-resolution copy within that split.
248,test,..\data\test\Chicken\KA4WJ09FPB6M.jpg,256x256,validation,..\data\validation\Chicken\88ec7b2a9565a217.jpg,1024x683,Duplicate group; retain the preferred dataset split (Train > Test > Validation) and the highest-resolution copy within that split.
249,test,..\data\test\Chicken\E939U0YA5V9L.jpg,256x256,validation,..\data\validation\Chicken\919e127d168b61ca.jpg,819x1024,Duplicate group; retain the preferred dataset split (Train > Test > Validation) and the highest-resolution copy within that split.
250,test,..\data\test\Chicken\3LMOHKHBDS3X.jpg,256x256,validation,..\data\validation\Chicken\9211722b9d501ab6.jpg,1024x683,Duplicate group; retain the preferred dataset split (Train > Test > Validation) and the highest-resolution copy within that split.
251,test,..\data\test\Chicken\8VHSV8P2NBE7.jpg,256x256,validation,..\data\validation\Chicken\95a7e80be63c135f.jpg,768x1024,Duplicate group; retain the preferred dataset split (Train > Test > Validation) and the highest-resolution copy within that split.
252,test,..\data\test\Chicken\FVW8QH7S4965.jpg,256x256,validation,..\data\validation\Chicken\98bd94e89e9f5bbf.jpg,1024x683,Duplicate group; retain the preferred dataset split (Train > Test > Validation) and the highest-resolution copy within that split.
253,test,..\data\test\Chicken\9PJFZ8XSPDFZ.jpg,256x256,validation,..\data\validation\Chicken\9946887522acf42f.jpg,1024x683,Duplicate group; retain the preferred dataset split (Train > Test > Validation) and the highest-resolution copy within that split.
254,test,..\data\test\Chicken\EAMHXE47MXDO.jpg,256x256,validation,..\data\validation\Chicken\9ace2b1e0af4cad0.jpg,681x1024,Duplicate group; retain the preferred dataset split (Train > Test > Validation) and the highest-resolution copy within that split.
255,test,..\data\test\Chicken\DOP7WGB4B8DM.jpg,256x256,validation,..\data\validation\Chicken\9b021e285d010caa.jpg,768x1024,Duplicate group; retain the preferred dataset split (Train > Test > Validation) and the highest-resolution copy within that split.
256,test,..\data\test\Chicken\CQXDHWJUITKY.jpg,256x256,validation,..\data\validation\Chicken\9cc7c95ab9b6ec4b.jpg,1024x683,Duplicate group; retain the preferred dataset split (Train > Test > Validation) and the highest-resolution copy within that split.
257,test,..\data\test\Chicken\4T82PAI1HM8G.jpg,256x256,validation,..\data\validation\Chicken\9e8a43573265df2e.jpg,1024x828,Duplicate group; retain the preferred dataset split (Train > Test > Validation) and the highest-resolution copy within that split.
258,test,..\data\test\Donkey\donkey-16037099 (6).jpg,360x241,validation,..\data\validation\Donkey\donkey-16037099 (1).jpg,800x536,Duplicate group; retain the preferred dataset split (Train > Test > Validation) and the highest-resolution copy within that split.
259,test,..\data\test\Goat\495a876d857dc370.jpg,1024x680,validation,..\data\validation\Goat\DRYSQZWW3EKR.jpg,256x256,Duplicate group; retain the preferred dataset split (Train > Test > Validation) and the highest-resolution copy within that split.
260,test,..\data\test\Goat\8c00f39a123b765f.jpg,1024x680,validation,..\data\validation\Goat\FWZ52YR9QPF9.jpg,256x256,Duplicate group; retain the preferred dataset split (Train > Test > Validation) and the highest-resolution copy within that split.
261,test,..\data\test\Horse\TRIUEGCZUYBL.jpg,256x256,validation,..\data\validation\Horse\D3U3G5RNV4H0.jpg,256x256,Duplicate group; retain the preferred dataset split (Train > Test > Validation) and the highest-resolution copy within that split.
262,test,..\data\test\Sheep\4.jpg,275x183,validation,..\data\validation\Sheep\DSCN6520-e1462262950648-1024x684.jpg,1024x684,Duplicate group; retain the preferred dataset split (Train > Test > Validation) and the highest-resolution copy within that split.
263,test,..\data\test\Sheep\photo-1610114753680-b6c875494dae.jpeg,3700x2467,validation,..\data\validation\Sheep\white sheep on brown grass field during daytime (3).jpg,3700x2467,Duplicate group; retain the preferred dataset split (Train > Test > Validation) and the highest-resolution copy within that split.
264,test,..\data\test\Sheep\photo-1545310939-e7aae7217e00.jpeg,4368x2912,validation,..\data\validation\Sheep\white sheep on green grass field.jpg,4368x2912,Duplicate group; retain the preferred dataset split (Train > Test > Validation) and the highest-resolution copy within that split.
