status,source,destination,reason
MOVED,D:\Domestic Animal Classification\data\test\Camel\5M0K2I2A2BSZ.jpg,D:\Domestic Animal Classification\quarantine\test\Camel\5M0K2I2A2BSZ.jpg,Duplicate group; retain the preferred dataset split (Train > Test > Validation) and the highest-resolution copy within that split.
MOVED,D:\Domestic Animal Classification\data\test\Camel\1c68ec73964a0332.jpg,D:\Domestic Animal Classification\quarantine\test\Camel\1c68ec73964a0332.jpg,Duplicate group; retain the preferred dataset split (Train > Test > Validation) and the highest-resolution copy within that split.
MOVED,D:\Domestic Animal Classification\data\test\Camel\4bc1027f1ccb353d.jpg,D:\Domestic Animal Classification\quarantine\test\Camel\4bc1027f1ccb353d.jpg,Duplicate group; retain the preferred dataset split (Train > Test > Validation) and the highest-resolution copy within that split.
MOVED,D:\Domestic Animal Classification\data\test\Camel\415AZP8HOFL9.jpg,D:\Domestic Animal Classification\quarantine\test\Camel\415AZP8HOFL9.jpg,Duplicate group; retain the preferred dataset split (Train > Test > Validation) and the highest-resolution copy within that split.
MOVED,D:\Domestic Animal Classification\data\test\Camel\camel_newborn_dromedary.jpg,D:\Domestic Animal Classification\quarantine\test\Camel\camel_newborn_dromedary.jpg,Duplicate group; retain the preferred dataset split (Train > Test > Validation) and the highest-resolution copy within that split.
MOVED,D:\Domestic Animal Classification\data\test\Camel\9bb8fd51ad6846e9.jpg,D:\Domestic Animal Classification\quarantine\test\Camel\9bb8fd51ad6846e9.jpg,Duplicate group; retain the preferred dataset split (Train > Test > Validation) and the highest-resolution copy within that split.
MOVED,D:\Domestic Animal Classification\data\test\Camel\0a5e8d559aa5d680.jpg,D:\Domestic Animal Classification\quarantine\test\Camel\0a5e8d559aa5d680.jpg,Duplicate group; retain the preferred dataset split (Train > Test > Validation) and the highest-resolution copy within that split.
MOVED,D:\Domestic Animal Classification\data\test\Camel\9219e0b5c16a76dc.jpg,D:\Domestic Animal Classification\quarantine\test\Camel\9219e0b5c16a76dc.jpg,Duplicate group; retain the preferred dataset split (Train > Test > Validation) and the highest-resolution copy within that split.
MOVED,D:\Domestic Animal Classification\data\test\Camel\0b561c9610d097bb.jpg,D:\Domestic Animal Classification\quarantine\test\Camel\0b561c9610d097bb.jpg,Duplicate group; retain the preferred dataset split (Train > Test > Validation) and the highest-resolution copy within that split.
MOVED,D:\Domestic Animal Classification\data\test\Camel\fbe95350ddcee63a.jpg,D:\Domestic Animal Classification\quarantine\test\Camel\fbe95350ddcee63a.jpg,Duplicate group; retain the preferred dataset split (Train > Test > Validation) and the highest-resolution copy within that split.
MOVED,D:\Domestic Animal Classification\data\test\Camel\5eb81d43b38e1333.jpg,D:\Domestic Animal Classification\quarantine\test\Camel\5eb81d43b38e1333.jpg,Duplicate group; retain the preferred dataset split (Train > Test > Validation) and the highest-resolution copy within that split.
MOVED,D:\Domestic Animal Classification\data\validation\Camel\e9c80cc9d12c6992.jpg,D:\Domestic Animal Classification\quarantine\validation\Camel\e9c80cc9d12c6992.jpg,Duplicate group; retain the preferred dataset split (Train > Test > Validation) and the highest-resolution copy within that split.
MOVED,D:\Domestic Animal Classification\data\validation\Camel\b49844caf0ecc14c.jpg,D:\Domestic Animal Classification\quarantine\validation\Camel\b49844caf0ecc14c.jpg,Duplicate group; retain the preferred dataset split (Train > Test > Validation) and the highest-resolution copy within that split.
MOVED,D:\Domestic Animal Classification\data\test\Camel\ec6e09dc8c78907b.jpg,D:\Domestic Animal Classification\quarantine\test\Camel\ec6e09dc8c78907b.jpg,Duplicate group; retain the preferred dataset split (Train > Test > Validation) and the highest-resolution copy within that split.
MOVED,D:\Domestic Animal Classification\data\test\Camel\a82606e8da066756.jpg,D:\Domestic Animal Classification\quarantine\test\Camel\a82606e8da066756.jpg,Duplicate group; retain the preferred dataset split (Train > Test > Validation) and the highest-resolution copy within that split.
MOVED,D:\Domestic Animal Classification\data\validation\Chicken\800cac348495765c.jpg,D:\Domestic Animal Classification\quarantine\validation\Chicken\800cac348495765c.jpg,Duplicate group; retain the preferred dataset split (Train > Test > Validation) and the highest-resolution copy within that split.
MOVED,D:\Domestic Animal Classification\data\validation\Chicken\65ed6abdf15bb5bb.jpg,D:\Domestic Animal Classification\quarantine\validation\Chicken\65ed6abdf15bb5bb.jpg,Duplicate group; retain the preferred dataset split (Train > Test > Validation) and the highest-resolution copy within that split.
MOVED,D:\Domestic Animal Classification\data\test\Chicken\133f872b2512b109.jpg,D:\Domestic Animal Classification\quarantine\test\Chicken\133f872b2512b109.jpg,Duplicate group; retain the preferred dataset split (Train > Test > Validation) and the highest-resolution copy within that split.
MOVED,D:\Domestic Animal Classification\data\validation\Chicken\9b6bc9e000ae3caa.jpg,D:\Domestic Animal Classification\quarantine\validation\Chicken\9b6bc9e000ae3caa.jpg,Duplicate group; retain the preferred dataset split (Train > Test > Validation) and the highest-resolution copy within that split.
MOVED,D:\Domestic Animal Classification\data\validation\Chicken\7e104b49d2d938de.jpg,D:\Domestic Animal Classification\quarantine\validation\Chicken\7e104b49d2d938de.jpg,Duplicate group; retain the preferred dataset split (Train > Test > Validation) and the highest-resolution copy within that split.
MOVED,D:\Domestic Animal Classification\data\validation\Chicken\acceaadbee8a73ee.jpg,D:\Domestic Animal Classification\quarantine\validation\Chicken\acceaadbee8a73ee.jpg,Duplicate group; retain the preferred dataset split (Train > Test > Validation) and the highest-resolution copy within that split.
MOVED,D:\Domestic Animal Classification\data\validation\Chicken\784f4faf59b09904.jpg,D:\Domestic Animal Classification\quarantine\validation\Chicken\784f4faf59b09904.jpg,Duplicate group; retain the preferred dataset split (Train > Test > Validation) and the highest-resolution copy within that split.
MOVED,D:\Domestic Animal Classification\data\test\Chicken\43b5058beec85ee4.jpg,D:\Domestic Animal Classification\quarantine\test\Chicken\43b5058beec85ee4.jpg,Duplicate group; retain the preferred dataset split (Train > Test > Validation) and the highest-resolution copy within that split.
MOVED,D:\Domestic Animal Classification\data\validation\Chicken\acf2033ef487bb23.jpg,D:\Domestic Animal Classification\quarantine\validation\Chicken\acf2033ef487bb23.jpg,Duplicate group; retain the preferred dataset split (Train > Test > Validation) and the highest-resolution copy within that split.
MOVED,D:\Domestic Animal Classification\data\validation\Chicken\9f14bda053a11f7e.jpg,D:\Domestic Animal Classification\quarantine\validation\Chicken\9f14bda053a11f7e.jpg,Duplicate group; retain the preferred dataset split (Train > Test > Validation) and the highest-resolution copy within that split.
MOVED,D:\Domestic Animal Classification\data\test\Chicken\e6e088a9f1bc15a9.jpg,D:\Domestic Animal Classification\quarantine\test\Chicken\e6e088a9f1bc15a9.jpg,Duplicate group; retain the preferred dataset split (Train > Test > Validation) and the highest-resolution copy within that split.
MOVED,D:\Domestic Animal Classification\data\test\Chicken\ee2c1b5096ffca9c.jpg,D:\Domestic Animal Classification\quarantine\test\Chicken\ee2c1b5096ffca9c.jpg,Duplicate group; retain the preferred dataset split (Train > Test > Validation) and the highest-resolution copy within that split.
MOVED,D:\Domestic Animal Classification\data\test\Chicken\68fe0a55028bc7cb.jpg,D:\Domestic Animal Classification\quarantine\test\Chicken\68fe0a55028bc7cb.jpg,Duplicate group; retain the preferred dataset split (Train > Test > Validation) and the highest-resolution copy within that split.
MOVED,D:\Domestic Animal Classification\data\test\Chicken\f6e2e32cee27e71a.jpg,D:\Domestic Animal Classification\quarantine\test\Chicken\f6e2e32cee27e71a.jpg,Duplicate group; retain the preferred dataset split (Train > Test > Validation) and the highest-resolution copy within that split.
MOVED,D:\Domestic Animal Classification\data\validation\Chicken\b5e8ea4ba1c290c3.jpg,D:\Domestic Animal Classification\quarantine\validation\Chicken\b5e8ea4ba1c290c3.jpg,Duplicate group; retain the preferred dataset split (Train > Test > Validation) and the highest-resolution copy within that split.
MOVED,D:\Domestic Animal Classification\data\validation\Chicken\4163315b5ee39d3b.jpg,D:\Domestic Animal Classification\quarantine\validation\Chicken\4163315b5ee39d3b.jpg,Duplicate group; retain the preferred dataset split (Train > Test > Validation) and the highest-resolution copy within that split.
MOVED,D:\Domestic Animal Classification\data\validation\Chicken\802380883e4ba8cd.jpg,D:\Domestic Animal Classification\quarantine\validation\Chicken\802380883e4ba8cd.jpg,Duplicate group; retain the preferred dataset split (Train > Test > Validation) and the highest-resolution copy within that split.
MOVED,D:\Domestic Animal Classification\data\validation\Chicken\7678a54a84218df7.jpg,D:\Domestic Animal Classification\quarantine\validation\Chicken\7678a54a84218df7.jpg,Duplicate group; retain the preferred dataset split (Train > Test > Validation) and the highest-resolution copy within that split.
MOVED,D:\Domestic Animal Classification\data\test\Chicken\d2dd123c9c193f9b.jpg,D:\Domestic Animal Classification\quarantine\test\Chicken\d2dd123c9c193f9b.jpg,Duplicate group; retain the preferred dataset split (Train > Test > Validation) and the highest-resolution copy within that split.
MOVED,D:\Domestic Animal Classification\data\test\Chicken\72a20d232466be8c.jpg,D:\Domestic Animal Classification\quarantine\test\Chicken\72a20d232466be8c.jpg,Duplicate group; retain the preferred dataset split (Train > Test > Validation) and the highest-resolution copy within that split.
MOVED,D:\Domestic Animal Classification\data\test\Chicken\d4f3296ecf3c8223.jpg,D:\Domestic Animal Classification\quarantine\test\Chicken\d4f3296ecf3c8223.jpg,Duplicate group; retain the preferred dataset split (Train > Test > Validation) and the highest-resolution copy within that split.
MOVED,D:\Domestic Animal Classification\data\test\Chicken\fc77ba1448296df1.jpg,D:\Domestic Animal Classification\quarantine\test\Chicken\fc77ba1448296df1.jpg,Duplicate group; retain the preferred dataset split (Train > Test > Validation) and the highest-resolution copy within that split.
MOVED,D:\Domestic Animal Classification\data\validation\Chicken\000411001ff7dd4f.jpg,D:\Domestic Animal Classification\quarantine\validation\Chicken\000411001ff7dd4f.jpg,Duplicate group; retain the preferred dataset split (Train > Test > Validation) and the highest-resolution copy within that split.
MOVED,D:\Domestic Animal Classification\data\validation\Chicken\0650a130d7f707b5.jpg,D:\Domestic Animal Classification\quarantine\validation\Chicken\0650a130d7f707b5.jpg,Duplicate group; retain the preferred dataset split (Train > Test > Validation) and the highest-resolution copy within that split.
MOVED,D:\Domestic Animal Classification\data\test\Chicken\f4483efe072cd5d1.jpg,D:\Domestic Animal Classification\quarantine\test\Chicken\f4483efe072cd5d1.jpg,Duplicate group; retain the preferred dataset split (Train > Test > Validation) and the highest-resolution copy within that split.
MOVED,D:\Domestic Animal Classification\data\test\Chicken\f450a2a6387fdce5.jpg,D:\Domestic Animal Classification\quarantine\test\Chicken\f450a2a6387fdce5.jpg,Duplicate group; retain the preferred dataset split (Train > Test > Validation) and the highest-resolution copy within that split.
MOVED,D:\Domestic Animal Classification\data\validation\Chicken\97c5baf58da390c9.jpg,D:\Domestic Animal Classification\quarantine\validation\Chicken\97c5baf58da390c9.jpg,Duplicate group; retain the preferred dataset split (Train > Test > Validation) and the highest-resolution copy within that split.
MOVED,D:\Domestic Animal Classification\data\validation\Chicken\2f9d7db0b288fb7b.jpg,D:\Domestic Animal Classification\quarantine\validation\Chicken\2f9d7db0b288fb7b.jpg,Duplicate group; retain the preferred dataset split (Train > Test > Validation) and the highest-resolution copy within that split.
MOVED,D:\Domestic Animal Classification\data\validation\Chicken\a82aa4a99fa12623.jpg,D:\Domestic Animal Classification\quarantine\validation\Chicken\a82aa4a99fa12623.jpg,Duplicate group; retain the preferred dataset split (Train > Test > Validation) and the highest-resolution copy within that split.
MOVED,D:\Domestic Animal Classification\data\test\Chicken\ebc67b03c8403f9c.jpg,D:\Domestic Animal Classification\quarantine\test\Chicken\ebc67b03c8403f9c.jpg,Duplicate group; retain the preferred dataset split (Train > Test > Validation) and the highest-resolution copy within that split.
MOVED,D:\Domestic Animal Classification\data\validation\Chicken\73117696755f6e5f.jpg,D:\Domestic Animal Classification\quarantine\validation\Chicken\73117696755f6e5f.jpg,Duplicate group; retain the preferred dataset split (Train > Test > Validation) and the highest-resolution copy within that split.
MOVED,D:\Domestic Animal Classification\data\test\Chicken\6359ceb7d02391bb.jpg,D:\Domestic Animal Classification\quarantine\test\Chicken\6359ceb7d02391bb.jpg,Duplicate group; retain the preferred dataset split (Train > Test > Validation) and the highest-resolution copy within that split.
MOVED,D:\Domestic Animal Classification\data\test\Chicken\70e6c76dad29e20a.jpg,D:\Domestic Animal Classification\quarantine\test\Chicken\70e6c76dad29e20a.jpg,Duplicate group; retain the preferred dataset split (Train > Test > Validation) and the highest-resolution copy within that split.
MOVED,D:\Domestic Animal Classification\data\validation\Chicken\817321177f072732.jpg,D:\Domestic Animal Classification\quarantine\validation\Chicken\817321177f072732.jpg,Duplicate group; retain the preferred dataset split (Train > Test > Validation) and the highest-resolution copy within that split.
MOVED,D:\Domestic Animal Classification\data\test\Chicken\05600e8a393e3c3a.jpg,D:\Domestic Animal Classification\quarantine\test\Chicken\05600e8a393e3c3a.jpg,Duplicate group; retain the preferred dataset split (Train > Test > Validation) and the highest-resolution copy within that split.
MOVED,D:\Domestic Animal Classification\data\validation\Chicken\749e2c951c4b6a7a.jpg,D:\Domestic Animal Classification\quarantine\validation\Chicken\749e2c951c4b6a7a.jpg,Duplicate group; retain the preferred dataset split (Train > Test > Validation) and the highest-resolution copy within that split.
MOVED,D:\Domestic Animal Classification\data\test\Chicken\eff33846a38be402.jpg,D:\Domestic Animal Classification\quarantine\test\Chicken\eff33846a38be402.jpg,Duplicate group; retain the preferred dataset split (Train > Test > Validation) and the highest-resolution copy within that split.
MOVED,D:\Domestic Animal Classification\data\test\Chicken\b2c73e3e5c40a76a.jpg,D:\Domestic Animal Classification\quarantine\test\Chicken\b2c73e3e5c40a76a.jpg,Duplicate group; retain the preferred dataset split (Train > Test > Validation) and the highest-resolution copy within that split.
MOVED,D:\Domestic Animal Classification\data\test\Chicken\a3d6f09de1df5dc1.jpg,D:\Domestic Animal Classification\quarantine\test\Chicken\a3d6f09de1df5dc1.jpg,Duplicate group; retain the preferred dataset split (Train > Test > Validation) and the highest-resolution copy within that split.
MOVED,D:\Domestic Animal Classification\data\validation\Chicken\a9c69ecd1ac3cd8a.jpg,D:\Domestic Animal Classification\quarantine\validation\Chicken\a9c69ecd1ac3cd8a.jpg,Duplicate group; retain the preferred dataset split (Train > Test > Validation) and the highest-resolution copy within that split.
MOVED,D:\Domestic Animal Classification\data\validation\Chicken\41b1d155155252d5.jpg,D:\Domestic Animal Classification\quarantine\validation\Chicken\41b1d155155252d5.jpg,Duplicate group; retain the preferred dataset split (Train > Test > Validation) and the highest-resolution copy within that split.
MOVED,D:\Domestic Animal Classification\data\validation\Chicken\a179d76b3b21ad20.jpg,D:\Domestic Animal Classification\quarantine\validation\Chicken\a179d76b3b21ad20.jpg,Duplicate group; retain the preferred dataset split (Train > Test > Validation) and the highest-resolution copy within that split.
MOVED,D:\Domestic Animal Classification\data\test\Chicken\736605cc2d3d17f8.jpg,D:\Domestic Animal Classification\quarantine\test\Chicken\736605cc2d3d17f8.jpg,Duplicate group; retain the preferred dataset split (Train > Test > Validation) and the highest-resolution copy within that split.
MOVED,D:\Domestic Animal Classification\data\validation\Chicken\a565d6501f8563c6.jpg,D:\Domestic Animal Classification\quarantine\validation\Chicken\a565d6501f8563c6.jpg,Duplicate group; retain the preferred dataset split (Train > Test > Validation) and the highest-resolution copy within that split.
MOVED,D:\Domestic Animal Classification\data\test\Chicken\1fa44e6f2cb4b2a0.jpg,D:\Domestic Animal Classification\quarantine\test\Chicken\1fa44e6f2cb4b2a0.jpg,Duplicate group; retain the preferred dataset split (Train > Test > Validation) and the highest-resolution copy within that split.
MOVED,D:\Domestic Animal Classification\data\test\Chicken\c966cb21efa54558.jpg,D:\Domestic Animal Classification\quarantine\test\Chicken\c966cb21efa54558.jpg,Duplicate group; retain the preferred dataset split (Train > Test > Validation) and the highest-resolution copy within that split.
MOVED,D:\Domestic Animal Classification\data\validation\Chicken\8720cfd4fb4fa1cf.jpg,D:\Domestic Animal Classification\quarantine\validation\Chicken\8720cfd4fb4fa1cf.jpg,Duplicate group; retain the preferred dataset split (Train > Test > Validation) and the highest-resolution copy within that split.
MOVED,D:\Domestic Animal Classification\data\test\Chicken\eb9c0dc5ca3ea626.jpg,D:\Domestic Animal Classification\quarantine\test\Chicken\eb9c0dc5ca3ea626.jpg,Duplicate group; retain the preferred dataset split (Train > Test > Validation) and the highest-resolution copy within that split.
MOVED,D:\Domestic Animal Classification\data\train\Donkey\240_F_107916074_mn94Ufm8ueZxXNV6GKW0VACL1PsvSOc5.jpg,D:\Domestic Animal Classification\quarantine\train\Donkey\240_F_107916074_mn94Ufm8ueZxXNV6GKW0VACL1PsvSOc5.jpg,Duplicate group; retain the preferred dataset split (Train > Test > Validation) and the highest-resolution copy within that split.
MOVED,D:\Domestic Animal Classification\data\train\Donkey\360_F_107916074_mn94Ufm8ueZxXNV6GKW0VACL1PsvSOc5.jpg,D:\Domestic Animal Classification\quarantine\train\Donkey\360_F_107916074_mn94Ufm8ueZxXNV6GKW0VACL1PsvSOc5.jpg,Duplicate group; retain the preferred dataset split (Train > Test > Validation) and the highest-resolution copy within that split.
MOVED,D:\Domestic Animal Classification\data\train\Donkey\images - 2023-09-21T210236.400.jpeg,D:\Domestic Animal Classification\quarantine\train\Donkey\images - 2023-09-21T210236.400.jpeg,Duplicate group; retain the preferred dataset split (Train > Test > Validation) and the highest-resolution copy within that split.
MOVED,D:\Domestic Animal Classification\data\train\Donkey\107916074.jpg,D:\Domestic Animal Classification\quarantine\train\Donkey\107916074.jpg,Duplicate group; retain the preferred dataset split (Train > Test > Validation) and the highest-resolution copy within that split.
MOVED,D:\Domestic Animal Classification\data\test\Donkey\500_F_107916074_mn94Ufm8ueZxXNV6GKW0VACL1PsvSOc5.jpg,D:\Domestic Animal Classification\quarantine\test\Donkey\500_F_107916074_mn94Ufm8ueZxXNV6GKW0VACL1PsvSOc5.jpg,Duplicate group; retain the preferred dataset split (Train > Test > Validation) and the highest-resolution copy within that split.
MOVED,D:\Domestic Animal Classification\data\train\Donkey\360_F_308933558_yvFoGCNfsaqTn4AnsWEB8BXJRf29zwMn.jpg,D:\Domestic Animal Classification\quarantine\train\Donkey\360_F_308933558_yvFoGCNfsaqTn4AnsWEB8BXJRf29zwMn.jpg,Duplicate group; retain the preferred dataset split (Train > Test > Validation) and the highest-resolution copy within that split.
MOVED,D:\Domestic Animal Classification\data\test\Donkey\308933558.jpg,D:\Domestic Animal Classification\quarantine\test\Donkey\308933558.jpg,Duplicate group; retain the preferred dataset split (Train > Test > Validation) and the highest-resolution copy within that split.
MOVED,D:\Domestic Animal Classification\data\validation\Donkey\360_F_117007733_1N5za9YA0CmEfxASMDdj3w7qUVVCUwFL.jpg,D:\Domestic Animal Classification\quarantine\validation\Donkey\360_F_117007733_1N5za9YA0CmEfxASMDdj3w7qUVVCUwFL.jpg,Duplicate group; retain the preferred dataset split (Train > Test > Validation) and the highest-resolution copy within that split.
MOVED,D:\Domestic Animal Classification\data\train\Donkey\117007733.jpg,D:\Domestic Animal Classification\quarantine\train\Donkey\117007733.jpg,Duplicate group; retain the preferred dataset split (Train > Test > Validation) and the highest-resolution copy within that split.
MOVED,D:\Domestic Animal Classification\data\validation\Donkey\360_F_163051432_preFOVYHJCyBF6zVk9mstRiLy0ehRO26.jpg,D:\Domestic Animal Classification\quarantine\validation\Donkey\360_F_163051432_preFOVYHJCyBF6zVk9mstRiLy0ehRO26.jpg,Duplicate group; retain the preferred dataset split (Train > Test > Validation) and the highest-resolution copy within that split.
MOVED,D:\Domestic Animal Classification\data\test\Donkey\360_F_177390419_69JERcGoiRfFMyy2DNfQe2dbIzxeqTfn.jpg,D:\Domestic Animal Classification\quarantine\test\Donkey\360_F_177390419_69JERcGoiRfFMyy2DNfQe2dbIzxeqTfn.jpg,Duplicate group; retain the preferred dataset split (Train > Test > Validation) and the highest-resolution copy within that split.
MOVED,D:\Domestic Animal Classification\data\test\Donkey\download (55).jpeg,D:\Domestic Animal Classification\quarantine\test\Donkey\download (55).jpeg,Duplicate group; retain the preferred dataset split (Train > Test > Validation) and the highest-resolution copy within that split.
MOVED,D:\Domestic Animal Classification\data\test\Donkey\360_F_232490327_CfzNyqq1sR5yUlL7zYllzYqIKA6GQIqT.jpg,D:\Domestic Animal Classification\quarantine\test\Donkey\360_F_232490327_CfzNyqq1sR5yUlL7zYllzYqIKA6GQIqT.jpg,Duplicate group; retain the preferred dataset split (Train > Test > Validation) and the highest-resolution copy within that split.
MOVED,D:\Domestic Animal Classification\data\train\Donkey\240_F_10331779_PVOLBM8MIeDZW9H0vc3Cr0nLMoSEO8Le.jpg,D:\Domestic Animal Classification\quarantine\train\Donkey\240_F_10331779_PVOLBM8MIeDZW9H0vc3Cr0nLMoSEO8Le.jpg,Duplicate group; retain the preferred dataset split (Train > Test > Validation) and the highest-resolution copy within that split.
MOVED,D:\Domestic Animal Classification\data\test\Donkey\1000_F_10331779_PVOLBM8MIeDZW9H0vc3Cr0nLMoSEO8Le.jpg,D:\Domestic Animal Classification\quarantine\test\Donkey\1000_F_10331779_PVOLBM8MIeDZW9H0vc3Cr0nLMoSEO8Le.jpg,Duplicate group; retain the preferred dataset split (Train > Test > Validation) and the highest-resolution copy within that split.
MOVED,D:\Domestic Animal Classification\data\validation\Donkey\donkey-4-years-7023061 (1).jpg,D:\Domestic Animal Classification\quarantine\validation\Donkey\donkey-4-years-7023061 (1).jpg,Duplicate group; retain the preferred dataset split (Train > Test > Validation) and the highest-resolution copy within that split.
MOVED,D:\Domestic Animal Classification\data\validation\Donkey\500_F_10331779_PVOLBM8MIeDZW9H0vc3Cr0nLMoSEO8Le.jpg,D:\Domestic Animal Classification\quarantine\validation\Donkey\500_F_10331779_PVOLBM8MIeDZW9H0vc3Cr0nLMoSEO8Le.jpg,Duplicate group; retain the preferred dataset split (Train > Test > Validation) and the highest-resolution copy within that split.
MOVED,D:\Domestic Animal Classification\data\test\Donkey\360_F_113045929_DKAxykLlheL458u9SmweztpT61Kig4Kk.jpg,D:\Domestic Animal Classification\quarantine\test\Donkey\360_F_113045929_DKAxykLlheL458u9SmweztpT61Kig4Kk.jpg,Duplicate group; retain the preferred dataset split (Train > Test > Validation) and the highest-resolution copy within that split.
MOVED,D:\Domestic Animal Classification\data\test\Donkey\360_F_251527543_Ze1DCXd5UzNfmuQaccPXhMiA5ubBEKKd.jpg,D:\Domestic Animal Classification\quarantine\test\Donkey\360_F_251527543_Ze1DCXd5UzNfmuQaccPXhMiA5ubBEKKd.jpg,Duplicate group; retain the preferred dataset split (Train > Test > Validation) and the highest-resolution copy within that split.
MOVED,D:\Domestic Animal Classification\data\test\Donkey\funny-donkey-11066139 (2).jpg,D:\Domestic Animal Classification\quarantine\test\Donkey\funny-donkey-11066139 (2).jpg,Duplicate group; retain the preferred dataset split (Train > Test > Validation) and the highest-resolution copy within that split.
MOVED,D:\Domestic Animal Classification\data\train\Donkey\28793069.jpg,D:\Domestic Animal Classification\quarantine\train\Donkey\28793069.jpg,Duplicate group; retain the preferred dataset split (Train > Test > Validation) and the highest-resolution copy within that split.
MOVED,D:\Domestic Animal Classification\data\train\Donkey\360_F_28793069_IA3ZvPxuhiiCogtPHmm59I5oyEPyX4tg.jpg,D:\Domestic Animal Classification\quarantine\train\Donkey\360_F_28793069_IA3ZvPxuhiiCogtPHmm59I5oyEPyX4tg.jpg,Duplicate group; retain the preferred dataset split (Train > Test > Validation) and the highest-resolution copy within that split.
MOVED,D:\Domestic Animal Classification\data\test\Donkey\360_F_308933651_k6mv1GwHR5aU0XmQmVv0axnS97WtD4An.jpg,D:\Domestic Animal Classification\quarantine\test\Donkey\360_F_308933651_k6mv1GwHR5aU0XmQmVv0axnS97WtD4An.jpg,Duplicate group; retain the preferred dataset split (Train > Test > Validation) and the highest-resolution copy within that split.
MOVED,D:\Domestic Animal Classification\data\test\Donkey\360_F_319942397_4btynOXXhVKxL2D9psWFoLdly9bJrNRl.jpg,D:\Domestic Animal Classification\quarantine\test\Donkey\360_F_319942397_4btynOXXhVKxL2D9psWFoLdly9bJrNRl.jpg,Duplicate group; retain the preferred dataset split (Train > Test > Validation) and the highest-resolution copy within that split.
MOVED,D:\Domestic Animal Classification\data\validation\Donkey\240_F_107916233_reewThZdzpZD82A5S1TgfUVqYPJx0vCi.jpg,D:\Domestic Animal Classification\quarantine\validation\Donkey\240_F_107916233_reewThZdzpZD82A5S1TgfUVqYPJx0vCi.jpg,Duplicate group; retain the preferred dataset split (Train > Test > Validation) and the highest-resolution copy within that split.
MOVED,D:\Domestic Animal Classification\data\validation\Donkey\1000_F_117351782_ugRMzKUg8pz8ucKVqIPI1JzQSCItC0Hx.jpg,D:\Domestic Animal Classification\quarantine\validation\Donkey\1000_F_117351782_ugRMzKUg8pz8ucKVqIPI1JzQSCItC0Hx.jpg,Duplicate group; retain the preferred dataset split (Train > Test > Validation) and the highest-resolution copy within that split.
MOVED,D:\Domestic Animal Classification\data\train\Donkey\500_F_117351782_ugRMzKUg8pz8ucKVqIPI1JzQSCItC0Hx.jpg,D:\Domestic Animal Classification\quarantine\train\Donkey\500_F_117351782_ugRMzKUg8pz8ucKVqIPI1JzQSCItC0Hx.jpg,Duplicate group; retain the preferred dataset split (Train > Test > Validation) and the highest-resolution copy within that split.
MOVED,D:\Domestic Animal Classification\data\validation\Donkey\240_F_117351782_ugRMzKUg8pz8ucKVqIPI1JzQSCItC0Hx.jpg,D:\Domestic Animal Classification\quarantine\validation\Donkey\240_F_117351782_ugRMzKUg8pz8ucKVqIPI1JzQSCItC0Hx.jpg,Duplicate group; retain the preferred dataset split (Train > Test > Validation) and the highest-resolution copy within that split.
MOVED,D:\Domestic Animal Classification\data\train\Donkey\funny-donkey-road-transfagarasan-romanian-mountains-75232844 (5).jpg,D:\Domestic Animal Classification\quarantine\train\Donkey\funny-donkey-road-transfagarasan-romanian-mountains-75232844 (5).jpg,Duplicate group; retain the preferred dataset split (Train > Test > Validation) and the highest-resolution copy within that split.
MOVED,D:\Domestic Animal Classification\data\validation\Donkey\download (57).jpeg,D:\Domestic Animal Classification\quarantine\validation\Donkey\download (57).jpeg,Duplicate group; retain the preferred dataset split (Train > Test > Validation) and the highest-resolution copy within that split.
MOVED,D:\Domestic Animal Classification\data\test\Donkey\240_F_310236025_Tky9W5QGSN8YOoRt044cdOWUaGUyMVzf.jpg,D:\Domestic Animal Classification\quarantine\test\Donkey\240_F_310236025_Tky9W5QGSN8YOoRt044cdOWUaGUyMVzf.jpg,Duplicate group; retain the preferred dataset split (Train > Test > Validation) and the highest-resolution copy within that split.
MOVED,D:\Domestic Animal Classification\data\validation\Donkey\4763992.jpg,D:\Domestic Animal Classification\quarantine\validation\Donkey\4763992.jpg,Duplicate group; retain the preferred dataset split (Train > Test > Validation) and the highest-resolution copy within that split.
MOVED,D:\Domestic Animal Classification\data\test\Donkey\download (73).jpeg,D:\Domestic Animal Classification\quarantine\test\Donkey\download (73).jpeg,Duplicate group; retain the preferred dataset split (Train > Test > Validation) and the highest-resolution copy within that split.
MOVED,D:\Domestic Animal Classification\data\validation\Donkey\240_F_600374704_fLpNdrcj6DaFG0wJW1WowSRrLQyxEVDL.jpg,D:\Domestic Animal Classification\quarantine\validation\Donkey\240_F_600374704_fLpNdrcj6DaFG0wJW1WowSRrLQyxEVDL.jpg,Duplicate group; retain the preferred dataset split (Train > Test > Validation) and the highest-resolution copy within that split.
MOVED,D:\Domestic Animal Classification\data\validation\Donkey\72040089.jpg,D:\Domestic Animal Classification\quarantine\validation\Donkey\72040089.jpg,Duplicate group; retain the preferred dataset split (Train > Test > Validation) and the highest-resolution copy within that split.
MOVED,D:\Domestic Animal Classification\data\test\Donkey\images - 2023-09-21T210236.549.jpeg,D:\Domestic Animal Classification\quarantine\test\Donkey\images - 2023-09-21T210236.549.jpeg,Duplicate group; retain the preferred dataset split (Train > Test > Validation) and the highest-resolution copy within that split.
MOVED,D:\Domestic Animal Classification\data\validation\Donkey\images - 2023-09-21T210232.288.jpeg,D:\Domestic Animal Classification\quarantine\validation\Donkey\images - 2023-09-21T210232.288.jpeg,Duplicate group; retain the preferred dataset split (Train > Test > Validation) and the highest-resolution copy within that split.
MOVED,D:\Domestic Animal Classification\data\validation\Donkey\images - 2023-09-21T210227.966.jpeg,D:\Domestic Animal Classification\quarantine\validation\Donkey\images - 2023-09-21T210227.966.jpeg,Duplicate group; retain the preferred dataset split (Train > Test > Validation) and the highest-resolution copy within that split.
MOVED,D:\Domestic Animal Classification\data\validation\Donkey\360_F_32973533_JEtAxS6lAnr6JpBfE3RGA4aTK3SPXKag.jpg,D:\Domestic Animal Classification\quarantine\validation\Donkey\360_F_32973533_JEtAxS6lAnr6JpBfE3RGA4aTK3SPXKag.jpg,Duplicate group; retain the preferred dataset split (Train > Test > Validation) and the highest-resolution copy within that split.
MOVED,D:\Domestic Animal Classification\data\train\Donkey\download (52).jpeg,D:\Domestic Animal Classification\quarantine\train\Donkey\download (52).jpeg,Duplicate group; retain the preferred dataset split (Train > Test > Validation) and the highest-resolution copy within that split.
MOVED,D:\Domestic Animal Classification\data\test\Donkey\32973533.jpg,D:\Domestic Animal Classification\quarantine\test\Donkey\32973533.jpg,Duplicate group; retain the preferred dataset split (Train > Test > Validation) and the highest-resolution copy within that split.
MOVED,D:\Domestic Animal Classification\data\validation\Donkey\donkey-breakfast-eating-grass-island-dugi-otok-adriatic-sea-dalmatia-croatia-31372898 (3).jpg,D:\Domestic Animal Classification\quarantine\validation\Donkey\donkey-breakfast-eating-grass-island-dugi-otok-adriatic-sea-dalmatia-croatia-31372898 (3).jpg,Duplicate group; retain the preferred dataset split (Train > Test > Validation) and the highest-resolution copy within that split.
MOVED,D:\Domestic Animal Classification\data\test\Donkey\176786131.jpg,D:\Domestic Animal Classification\quarantine\test\Donkey\176786131.jpg,Duplicate group; retain the preferred dataset split (Train > Test > Validation) and the highest-resolution copy within that split.
MOVED,D:\Domestic Animal Classification\data\test\Donkey\360_F_176786131_KnCinzfMZUaMLeQMKcMoYrBw3UGluQ15.jpg,D:\Domestic Animal Classification\quarantine\test\Donkey\360_F_176786131_KnCinzfMZUaMLeQMKcMoYrBw3UGluQ15.jpg,Duplicate group; retain the preferred dataset split (Train > Test > Validation) and the highest-resolution copy within that split.
MOVED,D:\Domestic Animal Classification\data\test\Donkey\360_F_100735777_sQnXog3SW5efY0FqOCAf2EsIg0tlrqeZ.jpg,D:\Domestic Animal Classification\quarantine\test\Donkey\360_F_100735777_sQnXog3SW5efY0FqOCAf2EsIg0tlrqeZ.jpg,Duplicate group; retain the preferred dataset split (Train > Test > Validation) and the highest-resolution copy within that split.
MOVED,D:\Domestic Animal Classification\data\test\Donkey\images - 2023-09-21T210236.022.jpeg,D:\Domestic Animal Classification\quarantine\test\Donkey\images - 2023-09-21T210236.022.jpeg,Duplicate group; retain the preferred dataset split (Train > Test > Validation) and the highest-resolution copy within that split.
MOVED,D:\Domestic Animal Classification\data\test\Donkey\photo-1569506474518-ba135df90c6d.jpeg,D:\Domestic Animal Classification\quarantine\test\Donkey\photo-1569506474518-ba135df90c6d.jpeg,Duplicate group; retain the preferred dataset split (Train > Test > Validation) and the highest-resolution copy within that split.
MOVED,D:\Domestic Animal Classification\data\validation\Donkey\360_F_372909943_Ix9RxvSnevxsixNCaQVPufe89nemR1Ia.jpg,D:\Domestic Animal Classification\quarantine\validation\Donkey\360_F_372909943_Ix9RxvSnevxsixNCaQVPufe89nemR1Ia.jpg,Duplicate group; retain the preferred dataset split (Train > Test > Validation) and the highest-resolution copy within that split.
MOVED,D:\Domestic Animal Classification\data\validation\Donkey\372909943.jpg,D:\Domestic Animal Classification\quarantine\validation\Donkey\372909943.jpg,Duplicate group; retain the preferred dataset split (Train > Test > Validation) and the highest-resolution copy within that split.
MOVED,D:\Domestic Animal Classification\data\test\Donkey\download (29).jpeg,D:\Domestic Animal Classification\quarantine\test\Donkey\download (29).jpeg,Duplicate group; retain the preferred dataset split (Train > Test > Validation) and the highest-resolution copy within that split.
MOVED,D:\Domestic Animal Classification\data\test\Donkey\Donkey_20muurtje.png,D:\Domestic Animal Classification\quarantine\test\Donkey\Donkey_20muurtje.png,Duplicate group; retain the preferred dataset split (Train > Test > Validation) and the highest-resolution copy within that split.
MOVED,D:\Domestic Animal Classification\data\validation\Donkey\Stolen_donkey_2.jpg,D:\Domestic Animal Classification\quarantine\validation\Donkey\Stolen_donkey_2.jpg,Duplicate group; retain the preferred dataset split (Train > Test > Validation) and the highest-resolution copy within that split.
MOVED,D:\Domestic Animal Classification\data\test\Donkey\Difference-Between-a-Donkey-and-a-Burro-1024x815.jpg,D:\Domestic Animal Classification\quarantine\test\Donkey\Difference-Between-a-Donkey-and-a-Burro-1024x815.jpg,Duplicate group; retain the preferred dataset split (Train > Test > Validation) and the highest-resolution copy within that split.
MOVED,D:\Domestic Animal Classification\data\test\Donkey\ATAN-El-Saff-108-copy.jpg,D:\Domestic Animal Classification\quarantine\test\Donkey\ATAN-El-Saff-108-copy.jpg,Duplicate group; retain the preferred dataset split (Train > Test > Validation) and the highest-resolution copy within that split.
MOVED,D:\Domestic Animal Classification\data\test\Donkey\Free Gray Donkey on Grass Stock Photo.jpg,D:\Domestic Animal Classification\quarantine\test\Donkey\Free Gray Donkey on Grass Stock Photo.jpg,Duplicate group; retain the preferred dataset split (Train > Test > Validation) and the highest-resolution copy within that split.
MOVED,D:\Domestic Animal Classification\data\validation\Donkey\file-20221118-25-kjhzwj.jpg_ixlib=rb-1.1.jpg,D:\Domestic Animal Classification\quarantine\validation\Donkey\file-20221118-25-kjhzwj.jpg_ixlib=rb-1.1.jpg,Duplicate group; retain the preferred dataset split (Train > Test > Validation) and the highest-resolution copy within that split.
MOVED,D:\Domestic Animal Classification\data\test\Donkey\donkey-animal--500x500.jpg,D:\Domestic Animal Classification\quarantine\test\Donkey\donkey-animal--500x500.jpg,Duplicate group; retain the preferred dataset split (Train > Test > Validation) and the highest-resolution copy within that split.
MOVED,D:\Domestic Animal Classification\data\validation\Donkey\christmas2_orig.jpg,D:\Domestic Animal Classification\quarantine\validation\Donkey\christmas2_orig.jpg,Duplicate group; retain the preferred dataset split (Train > Test > Validation) and the highest-resolution copy within that split.
MOVED,D:\Domestic Animal Classification\data\test\Donkey\thinkstockphotos-507006967_-_denboma_-_main.jpg,D:\Domestic Animal Classification\quarantine\test\Donkey\thinkstockphotos-507006967_-_denboma_-_main.jpg,Duplicate group; retain the preferred dataset split (Train > Test > Validation) and the highest-resolution copy within that split.
MOVED,D:\Domestic Animal Classification\data\validation\Donkey\donkey_noun_002_11261.jpg_version=5.0.jpg,D:\Domestic Animal Classification\quarantine\validation\Donkey\donkey_noun_002_11261.jpg_version=5.0.jpg,Duplicate group; retain the preferred dataset split (Train > Test > Validation) and the highest-resolution copy within that split.
MOVED,D:\Domestic Animal Classification\data\validation\Donkey\images - 2023-09-21T210233.936.jpeg,D:\Domestic Animal Classification\quarantine\validation\Donkey\images - 2023-09-21T210233.936.jpeg,Duplicate group; retain the preferred dataset split (Train > Test > Validation) and the highest-resolution copy within that split.
MOVED,D:\Domestic Animal Classification\data\validation\Donkey\woman-1516716_640.jpg,D:\Domestic Animal Classification\quarantine\validation\Donkey\woman-1516716_640.jpg,Duplicate group; retain the preferred dataset split (Train > Test > Validation) and the highest-resolution copy within that split.
MOVED,D:\Domestic Animal Classification\data\test\Goat\UAWIZKDYMDI1.jpg,D:\Domestic Animal Classification\quarantine\test\Goat\UAWIZKDYMDI1.jpg,Duplicate group; retain the preferred dataset split (Train > Test > Validation) and the highest-resolution copy within that split.
MOVED,D:\Domestic Animal Classification\data\validation\Goat\bb344550466c5b2e.jpg,D:\Domestic Animal Classification\quarantine\validation\Goat\bb344550466c5b2e.jpg,Duplicate group; retain the preferred dataset split (Train > Test > Validation) and the highest-resolution copy within that split.
MOVED,D:\Domestic Animal Classification\data\test\Goat\DKKMPSJ8L0HQ.jpg,D:\Domestic Animal Classification\quarantine\test\Goat\DKKMPSJ8L0HQ.jpg,Duplicate group; retain the preferred dataset split (Train > Test > Validation) and the highest-resolution copy within that split.
MOVED,D:\Domestic Animal Classification\data\test\Goat\GNHP8RKCO5QH.jpg,D:\Domestic Animal Classification\quarantine\test\Goat\GNHP8RKCO5QH.jpg,Duplicate group; retain the preferred dataset split (Train > Test > Validation) and the highest-resolution copy within that split.
MOVED,D:\Domestic Animal Classification\data\test\Goat\316c79766dc073aa.jpg,D:\Domestic Animal Classification\quarantine\test\Goat\316c79766dc073aa.jpg,Duplicate group; retain the preferred dataset split (Train > Test > Validation) and the highest-resolution copy within that split.
MOVED,D:\Domestic Animal Classification\data\test\Goat\9HK8VZRB6EFT.jpg,D:\Domestic Animal Classification\quarantine\test\Goat\9HK8VZRB6EFT.jpg,Duplicate group; retain the preferred dataset split (Train > Test > Validation) and the highest-resolution copy within that split.
MOVED,D:\Domestic Animal Classification\data\test\Goat\241670ce818d0745.jpg,D:\Domestic Animal Classification\quarantine\test\Goat\241670ce818d0745.jpg,Duplicate group; retain the preferred dataset split (Train > Test > Validation) and the highest-resolution copy within that split.
MOVED,D:\Domestic Animal Classification\data\train\Goat\45afbaca1e58504f.jpg,D:\Domestic Animal Classification\quarantine\train\Goat\45afbaca1e58504f.jpg,Duplicate group; retain the preferred dataset split (Train > Test > Validation) and the highest-resolution copy within that split.
MOVED,D:\Domestic Animal Classification\data\validation\Goat\IQSP190ZPV7T.jpg,D:\Domestic Animal Classification\quarantine\validation\Goat\IQSP190ZPV7T.jpg,Duplicate group; retain the preferred dataset split (Train > Test > Validation) and the highest-resolution copy within that split.
MOVED,D:\Domestic Animal Classification\data\test\Goat\H89GA7E1FUQX.jpg,D:\Domestic Animal Classification\quarantine\test\Goat\H89GA7E1FUQX.jpg,Duplicate group; retain the preferred dataset split (Train > Test > Validation) and the highest-resolution copy within that split.
MOVED,D:\Domestic Animal Classification\data\test\Goat\UPZPPU5VOWWZ.jpg,D:\Domestic Animal Classification\quarantine\test\Goat\UPZPPU5VOWWZ.jpg,Duplicate group; retain the preferred dataset split (Train > Test > Validation) and the highest-resolution copy within that split.
MOVED,D:\Domestic Animal Classification\data\validation\Goat\7217537d27457d2d.jpg,D:\Domestic Animal Classification\quarantine\validation\Goat\7217537d27457d2d.jpg,Duplicate group; retain the preferred dataset split (Train > Test > Validation) and the highest-resolution copy within that split.
MOVED,D:\Domestic Animal Classification\data\validation\Goat\b0921cfe749da2d6.jpg,D:\Domestic Animal Classification\quarantine\validation\Goat\b0921cfe749da2d6.jpg,Duplicate group; retain the preferred dataset split (Train > Test > Validation) and the highest-resolution copy within that split.
MOVED,D:\Domestic Animal Classification\data\test\Goat\O2VM0XV5WE8R.jpg,D:\Domestic Animal Classification\quarantine\test\Goat\O2VM0XV5WE8R.jpg,Duplicate group; retain the preferred dataset split (Train > Test > Validation) and the highest-resolution copy within that split.
MOVED,D:\Domestic Animal Classification\data\test\Goat\KO5O9CTSKGZH.jpg,D:\Domestic Animal Classification\quarantine\test\Goat\KO5O9CTSKGZH.jpg,Duplicate group; retain the preferred dataset split (Train > Test > Validation) and the highest-resolution copy within that split.
MOVED,D:\Domestic Animal Classification\data\train\Sheep\9353f1d1918996b0.jpg,D:\Domestic Animal Classification\quarantine\train\Sheep\9353f1d1918996b0.jpg,Duplicate group; retain the preferred dataset split (Train > Test > Validation) and the highest-resolution copy within that split.
MOVED,D:\Domestic Animal Classification\data\validation\Goat\YRUEORKVZ1P8.jpg,D:\Domestic Animal Classification\quarantine\validation\Goat\YRUEORKVZ1P8.jpg,Duplicate group; retain the preferred dataset split (Train > Test > Validation) and the highest-resolution copy within that split.
MOVED,D:\Domestic Animal Classification\data\validation\Goat\NJYQRW924RAU.jpg,D:\Domestic Animal Classification\quarantine\validation\Goat\NJYQRW924RAU.jpg,Duplicate group; retain the preferred dataset split (Train > Test > Validation) and the highest-resolution copy within that split.
MOVED,D:\Domestic Animal Classification\data\test\Goat\LSTUTXZKRYAF.jpg,D:\Domestic Animal Classification\quarantine\test\Goat\LSTUTXZKRYAF.jpg,Duplicate group; retain the preferred dataset split (Train > Test > Validation) and the highest-resolution copy within that split.
MOVED,D:\Domestic Animal Classification\data\test\Goat\65TA1NQL9Z4W.jpg,D:\Domestic Animal Classification\quarantine\test\Goat\65TA1NQL9Z4W.jpg,Duplicate group; retain the preferred dataset split (Train > Test > Validation) and the highest-resolution copy within that split.
MOVED,D:\Domestic Animal Classification\data\test\Goat\UX1S2TAG8LK2.jpg,D:\Domestic Animal Classification\quarantine\test\Goat\UX1S2TAG8LK2.jpg,Duplicate group; retain the preferred dataset split (Train > Test > Validation) and the highest-resolution copy within that split.
MOVED,D:\Domestic Animal Classification\data\test\Goat\3750075e3b01b1f9.jpg,D:\Domestic Animal Classification\quarantine\test\Goat\3750075e3b01b1f9.jpg,Duplicate group; retain the preferred dataset split (Train > Test > Validation) and the highest-resolution copy within that split.
MOVED,D:\Domestic Animal Classification\data\test\Goat\1c169ca0ae17a9bd.jpg,D:\Domestic Animal Classification\quarantine\test\Goat\1c169ca0ae17a9bd.jpg,Duplicate group; retain the preferred dataset split (Train > Test > Validation) and the highest-resolution copy within that split.
MOVED,D:\Domestic Animal Classification\data\test\Sheep\0de810360aa4ab15.jpg,D:\Domestic Animal Classification\quarantine\test\Sheep\0de810360aa4ab15.jpg,Duplicate group; retain the preferred dataset split (Train > Test > Validation) and the highest-resolution copy within that split.
MOVED,D:\Domestic Animal Classification\data\test\Goat\4ba875064f8417e9.jpg,D:\Domestic Animal Classification\quarantine\test\Goat\4ba875064f8417e9.jpg,Duplicate group; retain the preferred dataset split (Train > Test > Validation) and the highest-resolution copy within that split.
MOVED,D:\Domestic Animal Classification\data\validation\Goat\bc9b4cd47622bec7.jpg,D:\Domestic Animal Classification\quarantine\validation\Goat\bc9b4cd47622bec7.jpg,Duplicate group; retain the preferred dataset split (Train > Test > Validation) and the highest-resolution copy within that split.
MOVED,D:\Domestic Animal Classification\data\test\Goat\538ac1a4ddf9ed1f.jpg,D:\Domestic Animal Classification\quarantine\test\Goat\538ac1a4ddf9ed1f.jpg,Duplicate group; retain the preferred dataset split (Train > Test > Validation) and the highest-resolution copy within that split.
MOVED,D:\Domestic Animal Classification\data\test\Goat\a7784d0208fe980c.jpg,D:\Domestic Animal Classification\quarantine\test\Goat\a7784d0208fe980c.jpg,Duplicate group; retain the preferred dataset split (Train > Test > Validation) and the highest-resolution copy within that split.
MOVED,D:\Domestic Animal Classification\data\test\Horse\5A898HOJILRS.jpg,D:\Domestic Animal Classification\quarantine\test\Horse\5A898HOJILRS.jpg,Duplicate group; retain the preferred dataset split (Train > Test > Validation) and the highest-resolution copy within that split.
MOVED,D:\Domestic Animal Classification\data\validation\Horse\a0bbe103ce17390e.jpg,D:\Domestic Animal Classification\quarantine\validation\Horse\a0bbe103ce17390e.jpg,Duplicate group; retain the preferred dataset split (Train > Test > Validation) and the highest-resolution copy within that split.
MOVED,D:\Domestic Animal Classification\data\validation\Horse\X328MLW7PEIX.jpg,D:\Domestic Animal Classification\quarantine\validation\Horse\X328MLW7PEIX.jpg,Duplicate group; retain the preferred dataset split (Train > Test > Validation) and the highest-resolution copy within that split.
MOVED,D:\Domestic Animal Classification\data\test\Horse\36WMPOU7QWJZ.jpg,D:\Domestic Animal Classification\quarantine\test\Horse\36WMPOU7QWJZ.jpg,Duplicate group; retain the preferred dataset split (Train > Test > Validation) and the highest-resolution copy within that split.
MOVED,D:\Domestic Animal Classification\data\validation\Horse\XGE6F8KBAN55.jpg,D:\Domestic Animal Classification\quarantine\validation\Horse\XGE6F8KBAN55.jpg,Duplicate group; retain the preferred dataset split (Train > Test > Validation) and the highest-resolution copy within that split.
MOVED,D:\Domestic Animal Classification\data\validation\Horse\bc9e0a0abfc61d8a.jpg,D:\Domestic Animal Classification\quarantine\validation\Horse\bc9e0a0abfc61d8a.jpg,Duplicate group; retain the preferred dataset split (Train > Test > Validation) and the highest-resolution copy within that split.
MOVED,D:\Domestic Animal Classification\data\test\Horse\UWNM52DJW4RG.jpg,D:\Domestic Animal Classification\quarantine\test\Horse\UWNM52DJW4RG.jpg,Duplicate group; retain the preferred dataset split (Train > Test > Validation) and the highest-resolution copy within that split.
MOVED,D:\Domestic Animal Classification\data\test\Horse\8OAVLX14HIXI.jpg,D:\Domestic Animal Classification\quarantine\test\Horse\8OAVLX14HIXI.jpg,Duplicate group; retain the preferred dataset split (Train > Test > Validation) and the highest-resolution copy within that split.
MOVED,D:\Domestic Animal Classification\data\test\Horse\848d2ec368783082.jpg,D:\Domestic Animal Classification\quarantine\test\Horse\848d2ec368783082.jpg,Duplicate group; retain the preferred dataset split (Train > Test > Validation) and the highest-resolution copy within that split.
MOVED,D:\Domestic Animal Classification\data\test\Horse\c29b524d87a7fc0d.jpg,D:\Domestic Animal Classification\quarantine\test\Horse\c29b524d87a7fc0d.jpg,Duplicate group; retain the preferred dataset split (Train > Test > Validation) and the highest-resolution copy within that split.
MOVED,D:\Domestic Animal Classification\data\test\Horse\T8AUSV1RVZZA.jpg,D:\Domestic Animal Classification\quarantine\test\Horse\T8AUSV1RVZZA.jpg,Duplicate group; retain the preferred dataset split (Train > Test > Validation) and the highest-resolution copy within that split.
MOVED,D:\Domestic Animal Classification\data\test\Horse\Y4NKMFDY9E7V.jpg,D:\Domestic Animal Classification\quarantine\test\Horse\Y4NKMFDY9E7V.jpg,Duplicate group; retain the preferred dataset split (Train > Test > Validation) and the highest-resolution copy within that split.
MOVED,D:\Domestic Animal Classification\data\test\Horse\ba18a90e46a05f4f.jpg,D:\Domestic Animal Classification\quarantine\test\Horse\ba18a90e46a05f4f.jpg,Duplicate group; retain the preferred dataset split (Train > Test > Validation) and the highest-resolution copy within that split.
MOVED,D:\Domestic Animal Classification\data\test\Horse\CGKXW18VPQ56.jpg,D:\Domestic Animal Classification\quarantine\test\Horse\CGKXW18VPQ56.jpg,Duplicate group; retain the preferred dataset split (Train > Test > Validation) and the highest-resolution copy within that split.
MOVED,D:\Domestic Animal Classification\data\test\Horse\0IMFZ79PCC7P.jpg,D:\Domestic Animal Classification\quarantine\test\Horse\0IMFZ79PCC7P.jpg,Duplicate group; retain the preferred dataset split (Train > Test > Validation) and the highest-resolution copy within that split.
MOVED,D:\Domestic Animal Classification\data\test\Horse\8RBL6UC5CPPV.jpg,D:\Domestic Animal Classification\quarantine\test\Horse\8RBL6UC5CPPV.jpg,Duplicate group; retain the preferred dataset split (Train > Test > Validation) and the highest-resolution copy within that split.
MOVED,D:\Domestic Animal Classification\data\test\Horse\7e3a732623b6f59c.jpg,D:\Domestic Animal Classification\quarantine\test\Horse\7e3a732623b6f59c.jpg,Duplicate group; retain the preferred dataset split (Train > Test > Validation) and the highest-resolution copy within that split.
MOVED,D:\Domestic Animal Classification\data\validation\Horse\0N3B7YQZTXAF.jpg,D:\Domestic Animal Classification\quarantine\validation\Horse\0N3B7YQZTXAF.jpg,Duplicate group; retain the preferred dataset split (Train > Test > Validation) and the highest-resolution copy within that split.
MOVED,D:\Domestic Animal Classification\data\test\Horse\I3SMACU7614K.jpg,D:\Domestic Animal Classification\quarantine\test\Horse\I3SMACU7614K.jpg,Duplicate group; retain the preferred dataset split (Train > Test > Validation) and the highest-resolution copy within that split.
MOVED,D:\Domestic Animal Classification\data\validation\Horse\TBFHTQIU3RY1.jpg,D:\Domestic Animal Classification\quarantine\validation\Horse\TBFHTQIU3RY1.jpg,Duplicate group; retain the preferred dataset split (Train > Test > Validation) and the highest-resolution copy within that split.
MOVED,D:\Domestic Animal Classification\data\validation\Horse\39468b81eaa62ba7.jpg,D:\Domestic Animal Classification\quarantine\validation\Horse\39468b81eaa62ba7.jpg,Duplicate group; retain the preferred dataset split (Train > Test > Validation) and the highest-resolution copy within that split.
MOVED,D:\Domestic Animal Classification\data\validation\Horse\6H28D1E2DGVO.jpg,D:\Domestic Animal Classification\quarantine\validation\Horse\6H28D1E2DGVO.jpg,Duplicate group; retain the preferred dataset split (Train > Test > Validation) and the highest-resolution copy within that split.
MOVED,D:\Domestic Animal Classification\data\test\Horse\4d5d7b41d0eb43d3.jpg,D:\Domestic Animal Classification\quarantine\test\Horse\4d5d7b41d0eb43d3.jpg,Duplicate group; retain the preferred dataset split (Train > Test > Validation) and the highest-resolution copy within that split.
MOVED,D:\Domestic Animal Classification\data\test\Horse\WT84B2V1TR55.jpg,D:\Domestic Animal Classification\quarantine\test\Horse\WT84B2V1TR55.jpg,Duplicate group; retain the preferred dataset split (Train > Test > Validation) and the highest-resolution copy within that split.
MOVED,D:\Domestic Animal Classification\data\validation\Horse\601f519aef0f6c80.jpg,D:\Domestic Animal Classification\quarantine\validation\Horse\601f519aef0f6c80.jpg,Duplicate group; retain the preferred dataset split (Train > Test > Validation) and the highest-resolution copy within that split.
MOVED,D:\Domestic Animal Classification\data\test\Horse\VXTQWUB0FO7I.jpg,D:\Domestic Animal Classification\quarantine\test\Horse\VXTQWUB0FO7I.jpg,Duplicate group; retain the preferred dataset split (Train > Test > Validation) and the highest-resolution copy within that split.
MOVED,D:\Domestic Animal Classification\data\test\Horse\FVFAC2V92DTN.jpg,D:\Domestic Animal Classification\quarantine\test\Horse\FVFAC2V92DTN.jpg,Duplicate group; retain the preferred dataset split (Train > Test > Validation) and the highest-resolution copy within that split.
MOVED,D:\Domestic Animal Classification\data\test\Horse\LZUNN23FFRYZ.jpg,D:\Domestic Animal Classification\quarantine\test\Horse\LZUNN23FFRYZ.jpg,Duplicate group; retain the preferred dataset split (Train > Test > Validation) and the highest-resolution copy within that split.
MOVED,D:\Domestic Animal Classification\data\test\Horse\FLR6PJLCRTBH.jpg,D:\Domestic Animal Classification\quarantine\test\Horse\FLR6PJLCRTBH.jpg,Duplicate group; retain the preferred dataset split (Train > Test > Validation) and the highest-resolution copy within that split.
MOVED,D:\Domestic Animal Classification\data\test\Horse\UMNOBYNA9VXG.jpg,D:\Domestic Animal Classification\quarantine\test\Horse\UMNOBYNA9VXG.jpg,Duplicate group; retain the preferred dataset split (Train > Test > Validation) and the highest-resolution copy within that split.
MOVED,D:\Domestic Animal Classification\data\test\Horse\92364ad181cb9767.jpg,D:\Domestic Animal Classification\quarantine\test\Horse\92364ad181cb9767.jpg,Duplicate group; retain the preferred dataset split (Train > Test > Validation) and the highest-resolution copy within that split.
MOVED,D:\Domestic Animal Classification\data\test\Horse\8Q8PTHXB6HGI.jpg,D:\Domestic Animal Classification\quarantine\test\Horse\8Q8PTHXB6HGI.jpg,Duplicate group; retain the preferred dataset split (Train > Test > Validation) and the highest-resolution copy within that split.
MOVED,D:\Domestic Animal Classification\data\test\Horse\63VZ2EZ2DSLI.jpg,D:\Domestic Animal Classification\quarantine\test\Horse\63VZ2EZ2DSLI.jpg,Duplicate group; retain the preferred dataset split (Train > Test > Validation) and the highest-resolution copy within that split.
MOVED,D:\Domestic Animal Classification\data\test\Horse\B1GS9Y20AJVV.jpg,D:\Domestic Animal Classification\quarantine\test\Horse\B1GS9Y20AJVV.jpg,Duplicate group; retain the preferred dataset split (Train > Test > Validation) and the highest-resolution copy within that split.
MOVED,D:\Domestic Animal Classification\data\test\Horse\AMW9J5B70WU2.jpg,D:\Domestic Animal Classification\quarantine\test\Horse\AMW9J5B70WU2.jpg,Duplicate group; retain the preferred dataset split (Train > Test > Validation) and the highest-resolution copy within that split.
MOVED,D:\Domestic Animal Classification\data\test\Horse\Z4OEKB4N89SU.jpg,D:\Domestic Animal Classification\quarantine\test\Horse\Z4OEKB4N89SU.jpg,Duplicate group; retain the preferred dataset split (Train > Test > Validation) and the highest-resolution copy within that split.
MOVED,D:\Domestic Animal Classification\data\validation\Horse\U5X4FK7PT277.jpg,D:\Domestic Animal Classification\quarantine\validation\Horse\U5X4FK7PT277.jpg,Duplicate group; retain the preferred dataset split (Train > Test > Validation) and the highest-resolution copy within that split.
MOVED,D:\Domestic Animal Classification\data\validation\Horse\964b7e32c27ec731.jpg,D:\Domestic Animal Classification\quarantine\validation\Horse\964b7e32c27ec731.jpg,Duplicate group; retain the preferred dataset split (Train > Test > Validation) and the highest-resolution copy within that split.
MOVED,D:\Domestic Animal Classification\data\test\Horse\070ff7a795140002.jpg,D:\Domestic Animal Classification\quarantine\test\Horse\070ff7a795140002.jpg,Duplicate group; retain the preferred dataset split (Train > Test > Validation) and the highest-resolution copy within that split.
MOVED,D:\Domestic Animal Classification\data\test\Horse\0df4980c1dccda78.jpg,D:\Domestic Animal Classification\quarantine\test\Horse\0df4980c1dccda78.jpg,Duplicate group; retain the preferred dataset split (Train > Test > Validation) and the highest-resolution copy within that split.
MOVED,D:\Domestic Animal Classification\data\test\Horse\af1ea641ee51e43a.jpg,D:\Domestic Animal Classification\quarantine\test\Horse\af1ea641ee51e43a.jpg,Duplicate group; retain the preferred dataset split (Train > Test > Validation) and the highest-resolution copy within that split.
MOVED,D:\Domestic Animal Classification\data\validation\Horse\A8R5JSGE8GDA.jpg,D:\Domestic Animal Classification\quarantine\validation\Horse\A8R5JSGE8GDA.jpg,Duplicate group; retain the preferred dataset split (Train > Test > Validation) and the highest-resolution copy within that split.
MOVED,D:\Domestic Animal Classification\data\test\Horse\CIC032XHTFRG.jpg,D:\Domestic Animal Classification\quarantine\test\Horse\CIC032XHTFRG.jpg,Duplicate group; retain the preferred dataset split (Train > Test > Validation) and the highest-resolution copy within that split.
MOVED,D:\Domestic Animal Classification\data\test\Horse\PMXBIJHVI5RL.jpg,D:\Domestic Animal Classification\quarantine\test\Horse\PMXBIJHVI5RL.jpg,Duplicate group; retain the preferred dataset split (Train > Test > Validation) and the highest-resolution copy within that split.
MOVED,D:\Domestic Animal Classification\data\validation\Horse\0a8c7bbae99db4df.jpg,D:\Domestic Animal Classification\quarantine\validation\Horse\0a8c7bbae99db4df.jpg,Duplicate group; retain the preferred dataset split (Train > Test > Validation) and the highest-resolution copy within that split.
MOVED,D:\Domestic Animal Classification\data\test\Horse\814912f96ea43a01.jpg,D:\Domestic Animal Classification\quarantine\test\Horse\814912f96ea43a01.jpg,Duplicate group; retain the preferred dataset split (Train > Test > Validation) and the highest-resolution copy within that split.
MOVED,D:\Domestic Animal Classification\data\test\Horse\b4ee48bcaecac9dd.jpg,D:\Domestic Animal Classification\quarantine\test\Horse\b4ee48bcaecac9dd.jpg,Duplicate group; retain the preferred dataset split (Train > Test > Validation) and the highest-resolution copy within that split.
MOVED,D:\Domestic Animal Classification\data\test\Horse\9df087f72bc75a7c.jpg,D:\Domestic Animal Classification\quarantine\test\Horse\9df087f72bc75a7c.jpg,Duplicate group; retain the preferred dataset split (Train > Test > Validation) and the highest-resolution copy within that split.
MOVED,D:\Domestic Animal Classification\data\test\Horse\J99C2EKB5QU1.jpg,D:\Domestic Animal Classification\quarantine\test\Horse\J99C2EKB5QU1.jpg,Duplicate group; retain the preferred dataset split (Train > Test > Validation) and the highest-resolution copy within that split.
MOVED,D:\Domestic Animal Classification\data\validation\Horse\6e949ce14484a263.jpg,D:\Domestic Animal Classification\quarantine\validation\Horse\6e949ce14484a263.jpg,Duplicate group; retain the preferred dataset split (Train > Test > Validation) and the highest-resolution copy within that split.
MOVED,D:\Domestic Animal Classification\data\test\Horse\7BDYTKVV14GI.jpg,D:\Domestic Animal Classification\quarantine\test\Horse\7BDYTKVV14GI.jpg,Duplicate group; retain the preferred dataset split (Train > Test > Validation) and the highest-resolution copy within that split.
MOVED,D:\Domestic Animal Classification\data\test\Horse\06c17b79bde56cd3.jpg,D:\Domestic Animal Classification\quarantine\test\Horse\06c17b79bde56cd3.jpg,Duplicate group; retain the preferred dataset split (Train > Test > Validation) and the highest-resolution copy within that split.
MOVED,D:\Domestic Animal Classification\data\test\Horse\IIKYITH8ORJA.jpg,D:\Domestic Animal Classification\quarantine\test\Horse\IIKYITH8ORJA.jpg,Duplicate group; retain the preferred dataset split (Train > Test > Validation) and the highest-resolution copy within that split.
MOVED,D:\Domestic Animal Classification\data\validation\Horse\F3CUTQ56ZOLG.jpg,D:\Domestic Animal Classification\quarantine\validation\Horse\F3CUTQ56ZOLG.jpg,Duplicate group; retain the preferred dataset split (Train > Test > Validation) and the highest-resolution copy within that split.
MOVED,D:\Domestic Animal Classification\data\test\Horse\db435eb6d22291ce.jpg,D:\Domestic Animal Classification\quarantine\test\Horse\db435eb6d22291ce.jpg,Duplicate group; retain the preferred dataset split (Train > Test > Validation) and the highest-resolution copy within that split.
MOVED,D:\Domestic Animal Classification\data\test\Horse\72236a985d3d8876.jpg,D:\Domestic Animal Classification\quarantine\test\Horse\72236a985d3d8876.jpg,Duplicate group; retain the preferred dataset split (Train > Test > Validation) and the highest-resolution copy within that split.
MOVED,D:\Domestic Animal Classification\data\test\Horse\28cfc2f65a6e8e3d.jpg,D:\Domestic Animal Classification\quarantine\test\Horse\28cfc2f65a6e8e3d.jpg,Duplicate group; retain the preferred dataset split (Train > Test > Validation) and the highest-resolution copy within that split.
MOVED,D:\Domestic Animal Classification\data\validation\Horse\75f6cee67ba1c9d9.jpg,D:\Domestic Animal Classification\quarantine\validation\Horse\75f6cee67ba1c9d9.jpg,Duplicate group; retain the preferred dataset split (Train > Test > Validation) and the highest-resolution copy within that split.
MOVED,D:\Domestic Animal Classification\data\test\Horse\d8766f5ce909e95c.jpg,D:\Domestic Animal Classification\quarantine\test\Horse\d8766f5ce909e95c.jpg,Duplicate group; retain the preferred dataset split (Train > Test > Validation) and the highest-resolution copy within that split.
MOVED,D:\Domestic Animal Classification\data\test\Horse\3cf84e8fbf9a8a84.jpg,D:\Domestic Animal Classification\quarantine\test\Horse\3cf84e8fbf9a8a84.jpg,Duplicate group; retain the preferred dataset split (Train > Test > Validation) and the highest-resolution copy within that split.
MOVED,D:\Domestic Animal Classification\data\validation\Horse\JXMVHT6MJ1Q4.jpg,D:\Domestic Animal Classification\quarantine\validation\Horse\JXMVHT6MJ1Q4.jpg,Duplicate group; retain the preferred dataset split (Train > Test > Validation) and the highest-resolution copy within that split.
MOVED,D:\Domestic Animal Classification\data\validation\Horse\6DGNCS2RFMQG.jpg,D:\Domestic Animal Classification\quarantine\validation\Horse\6DGNCS2RFMQG.jpg,Duplicate group; retain the preferred dataset split (Train > Test > Validation) and the highest-resolution copy within that split.
MOVED,D:\Domestic Animal Classification\data\validation\Pig\E013L4NS8AMR.jpg,D:\Domestic Animal Classification\quarantine\validation\Pig\E013L4NS8AMR.jpg,Duplicate group; retain the preferred dataset split (Train > Test > Validation) and the highest-resolution copy within that split.
MOVED,D:\Domestic Animal Classification\data\test\Pig\NSBO9FEU56WA.jpg,D:\Domestic Animal Classification\quarantine\test\Pig\NSBO9FEU56WA.jpg,Duplicate group; retain the preferred dataset split (Train > Test > Validation) and the highest-resolution copy within that split.
MOVED,D:\Domestic Animal Classification\data\test\Pig\XQ4P7M24N182.jpg,D:\Domestic Animal Classification\quarantine\test\Pig\XQ4P7M24N182.jpg,Duplicate group; retain the preferred dataset split (Train > Test > Validation) and the highest-resolution copy within that split.
MOVED,D:\Domestic Animal Classification\data\validation\Pig\600a2b8a40329ef4.jpg,D:\Domestic Animal Classification\quarantine\validation\Pig\600a2b8a40329ef4.jpg,Duplicate group; retain the preferred dataset split (Train > Test > Validation) and the highest-resolution copy within that split.
MOVED,D:\Domestic Animal Classification\data\validation\Sheep\ovelha-706x432.jpg,D:\Domestic Animal Classification\quarantine\validation\Sheep\ovelha-706x432.jpg,Duplicate group; retain the preferred dataset split (Train > Test > Validation) and the highest-resolution copy within that split.
MOVED,D:\Domestic Animal Classification\data\test\Sheep\sheep-picture-141095-3623502.jpg,D:\Domestic Animal Classification\quarantine\test\Sheep\sheep-picture-141095-3623502.jpg,Duplicate group; retain the preferred dataset split (Train > Test > Validation) and the highest-resolution copy within that split.
MOVED,D:\Domestic Animal Classification\data\validation\Sheep\funny-sheep-portrait-of-sheep-showing-tongue.jpg,D:\Domestic Animal Classification\quarantine\validation\Sheep\funny-sheep-portrait-of-sheep-showing-tongue.jpg,Duplicate group; retain the preferred dataset split (Train > Test > Validation) and the highest-resolution copy within that split.
MOVED,D:\Domestic Animal Classification\data\train\Sheep\Funny sheep stock images.jpg,D:\Domestic Animal Classification\quarantine\train\Sheep\Funny sheep stock images.jpg,Duplicate group; retain the preferred dataset split (Train > Test > Validation) and the highest-resolution copy within that split.
MOVED,D:\Domestic Animal Classification\data\validation\Sheep\photo-1592408465270-9e669f6761f4.jpeg,D:\Domestic Animal Classification\quarantine\validation\Sheep\photo-1592408465270-9e669f6761f4.jpeg,Duplicate group; retain the preferred dataset split (Train > Test > Validation) and the highest-resolution copy within that split.
MOVED,D:\Domestic Animal Classification\data\test\Sheep\four lambs on ground.jpg,D:\Domestic Animal Classification\quarantine\test\Sheep\four lambs on ground.jpg,Duplicate group; retain the preferred dataset split (Train > Test > Validation) and the highest-resolution copy within that split.
MOVED,D:\Domestic Animal Classification\data\test\Sheep\brown sheep on green lawn grasses at daytime.jpg,D:\Domestic Animal Classification\quarantine\test\Sheep\brown sheep on green lawn grasses at daytime.jpg,Duplicate group; retain the preferred dataset split (Train > Test > Validation) and the highest-resolution copy within that split.
MOVED,D:\Domestic Animal Classification\data\validation\Sheep\white and gray sheep lamb.jpg,D:\Domestic Animal Classification\quarantine\validation\Sheep\white and gray sheep lamb.jpg,Duplicate group; retain the preferred dataset split (Train > Test > Validation) and the highest-resolution copy within that split.
MOVED,D:\Domestic Animal Classification\data\test\Sheep\white sheep on field.jpg,D:\Domestic Animal Classification\quarantine\test\Sheep\white sheep on field.jpg,Duplicate group; retain the preferred dataset split (Train > Test > Validation) and the highest-resolution copy within that split.
MOVED,D:\Domestic Animal Classification\data\test\Sheep\white sheep on green grass during daytime (4).jpg,D:\Domestic Animal Classification\quarantine\test\Sheep\white sheep on green grass during daytime (4).jpg,Duplicate group; retain the preferred dataset split (Train > Test > Validation) and the highest-resolution copy within that split.
MOVED,D:\Domestic Animal Classification\data\test\Sheep\photo-1528709024086-98a7672e0b9d.jpeg,D:\Domestic Animal Classification\quarantine\test\Sheep\photo-1528709024086-98a7672e0b9d.jpeg,Duplicate group; retain the preferred dataset split (Train > Test > Validation) and the highest-resolution copy within that split.
MOVED,D:\Domestic Animal Classification\data\validation\Sheep\24.jpg,D:\Domestic Animal Classification\quarantine\validation\Sheep\24.jpg,Duplicate group; retain the preferred dataset split (Train > Test > Validation) and the highest-resolution copy within that split.
MOVED,D:\Domestic Animal Classification\data\test\Sheep\Depositphotos_21606799_XL-1024x909.jpg,D:\Domestic Animal Classification\quarantine\test\Sheep\Depositphotos_21606799_XL-1024x909.jpg,Duplicate group; retain the preferred dataset split (Train > Test > Validation) and the highest-resolution copy within that split.
MOVED,D:\Domestic Animal Classification\data\test\Sheep\photo-1448227700746-d8eab5a1b9d7.jpeg,D:\Domestic Animal Classification\quarantine\test\Sheep\photo-1448227700746-d8eab5a1b9d7.jpeg,Duplicate group; retain the preferred dataset split (Train > Test > Validation) and the highest-resolution copy within that split.
MOVED,D:\Domestic Animal Classification\data\test\Sheep\photo-1586518532933-0c9631bca14f.jpeg,D:\Domestic Animal Classification\quarantine\test\Sheep\photo-1586518532933-0c9631bca14f.jpeg,Duplicate group; retain the preferred dataset split (Train > Test > Validation) and the highest-resolution copy within that split.
MOVED,D:\Domestic Animal Classification\data\validation\Sheep\photo-1557881709-f5c255f44c2a.jpeg,D:\Domestic Animal Classification\quarantine\validation\Sheep\photo-1557881709-f5c255f44c2a.jpeg,Duplicate group; retain the preferred dataset split (Train > Test > Validation) and the highest-resolution copy within that split.
MOVED,D:\Domestic Animal Classification\data\test\Sheep\photo-1571983747395-db386e3edd0d.jpeg,D:\Domestic Animal Classification\quarantine\test\Sheep\photo-1571983747395-db386e3edd0d.jpeg,Duplicate group; retain the preferred dataset split (Train > Test > Validation) and the highest-resolution copy within that split.
MOVED,D:\Domestic Animal Classification\data\validation\Camel\028_0096.jpg,D:\Domestic Animal Classification\quarantine\validation\Camel\028_0096.jpg,Duplicate group; retain the preferred dataset split (Train > Test > Validation) and the highest-resolution copy within that split.
MOVED,D:\Domestic Animal Classification\data\validation\Camel\418545e02fda2f4e.jpg,D:\Domestic Animal Classification\quarantine\validation\Camel\418545e02fda2f4e.jpg,Duplicate group; retain the preferred dataset split (Train > Test > Validation) and the highest-resolution copy within that split.
MOVED,D:\Domestic Animal Classification\data\validation\Camel\81MOS5D1AQ0Q.jpg,D:\Domestic Animal Classification\quarantine\validation\Camel\81MOS5D1AQ0Q.jpg,Duplicate group; retain the preferred dataset split (Train > Test > Validation) and the highest-resolution copy within that split.
MOVED,D:\Domestic Animal Classification\data\validation\Camel\9LKYIM4KI81X.jpg,D:\Domestic Animal Classification\quarantine\validation\Camel\9LKYIM4KI81X.jpg,Duplicate group; retain the preferred dataset split (Train > Test > Validation) and the highest-resolution copy within that split.
MOVED,D:\Domestic Animal Classification\data\validation\Camel\b826e80084f14d3e.jpg,D:\Domestic Animal Classification\quarantine\validation\Camel\b826e80084f14d3e.jpg,Duplicate group; retain the preferred dataset split (Train > Test > Validation) and the highest-resolution copy within that split.
MOVED,D:\Domestic Animal Classification\data\validation\Camel\D6PJ881B76E0.jpg,D:\Domestic Animal Classification\quarantine\validation\Camel\D6PJ881B76E0.jpg,Duplicate group; retain the preferred dataset split (Train > Test > Validation) and the highest-resolution copy within that split.
MOVED,D:\Domestic Animal Classification\data\validation\Camel\e50cb09f2b4fdf1f.jpg,D:\Domestic Animal Classification\quarantine\validation\Camel\e50cb09f2b4fdf1f.jpg,Duplicate group; retain the preferred dataset split (Train > Test > Validation) and the highest-resolution copy within that split.
MOVED,D:\Domestic Animal Classification\data\validation\Chicken\03bc7fbc956b3a9a.jpg,D:\Domestic Animal Classification\quarantine\validation\Chicken\03bc7fbc956b3a9a.jpg,Duplicate group; retain the preferred dataset split (Train > Test > Validation) and the highest-resolution copy within that split.
MOVED,D:\Domestic Animal Classification\data\validation\Chicken\0a8a5aa471796fd5.jpg,D:\Domestic Animal Classification\quarantine\validation\Chicken\0a8a5aa471796fd5.jpg,Duplicate group; retain the preferred dataset split (Train > Test > Validation) and the highest-resolution copy within that split.
MOVED,D:\Domestic Animal Classification\data\validation\Chicken\0e5ecc56e464dcb8.jpg,D:\Domestic Animal Classification\quarantine\validation\Chicken\0e5ecc56e464dcb8.jpg,Duplicate group; retain the preferred dataset split (Train > Test > Validation) and the highest-resolution copy within that split.
MOVED,D:\Domestic Animal Classification\data\validation\Chicken\0e9be8b09f71f909.jpg,D:\Domestic Animal Classification\quarantine\validation\Chicken\0e9be8b09f71f909.jpg,Duplicate group; retain the preferred dataset split (Train > Test > Validation) and the highest-resolution copy within that split.
MOVED,D:\Domestic Animal Classification\data\validation\Chicken\0f8a38312499d209.jpg,D:\Domestic Animal Classification\quarantine\validation\Chicken\0f8a38312499d209.jpg,Duplicate group; retain the preferred dataset split (Train > Test > Validation) and the highest-resolution copy within that split.
MOVED,D:\Domestic Animal Classification\data\validation\Chicken\0K3D5SDTO0RJ.jpg,D:\Domestic Animal Classification\quarantine\validation\Chicken\0K3D5SDTO0RJ.jpg,Duplicate group; retain the preferred dataset split (Train > Test > Validation) and the highest-resolution copy within that split.
MOVED,D:\Domestic Animal Classification\data\validation\Chicken\16e942cd3f23c02f.jpg,D:\Domestic Animal Classification\quarantine\validation\Chicken\16e942cd3f23c02f.jpg,Duplicate group; retain the preferred dataset split (Train > Test > Validation) and the highest-resolution copy within that split.
MOVED,D:\Domestic Animal Classification\data\validation\Chicken\1b9b848cad0e10c5.jpg,D:\Domestic Animal Classification\quarantine\validation\Chicken\1b9b848cad0e10c5.jpg,Duplicate group; retain the preferred dataset split (Train > Test > Validation) and the highest-resolution copy within that split.
MOVED,D:\Domestic Animal Classification\data\validation\Chicken\1ZLB7IELNMCD.jpg,D:\Domestic Animal Classification\quarantine\validation\Chicken\1ZLB7IELNMCD.jpg,Duplicate group; retain the preferred dataset split (Train > Test > Validation) and the highest-resolution copy within that split.
MOVED,D:\Domestic Animal Classification\data\validation\Chicken\225e2b45dd437a3f.jpg,D:\Domestic Animal Classification\quarantine\validation\Chicken\225e2b45dd437a3f.jpg,Duplicate group; retain the preferred dataset split (Train > Test > Validation) and the highest-resolution copy within that split.
MOVED,D:\Domestic Animal Classification\data\validation\Chicken\3593119841138bdb.jpg,D:\Domestic Animal Classification\quarantine\validation\Chicken\3593119841138bdb.jpg,Duplicate group; retain the preferred dataset split (Train > Test > Validation) and the highest-resolution copy within that split.
MOVED,D:\Domestic Animal Classification\data\validation\Chicken\469ae737247d3e1b.jpg,D:\Domestic Animal Classification\quarantine\validation\Chicken\469ae737247d3e1b.jpg,Duplicate group; retain the preferred dataset split (Train > Test > Validation) and the highest-resolution copy within that split.
MOVED,D:\Domestic Animal Classification\data\validation\Chicken\52ae7e28296af990.jpg,D:\Domestic Animal Classification\quarantine\validation\Chicken\52ae7e28296af990.jpg,Duplicate group; retain the preferred dataset split (Train > Test > Validation) and the highest-resolution copy within that split.
MOVED,D:\Domestic Animal Classification\data\validation\Chicken\571160c940815e53.jpg,D:\Domestic Animal Classification\quarantine\validation\Chicken\571160c940815e53.jpg,Duplicate group; retain the preferred dataset split (Train > Test > Validation) and the highest-resolution copy within that split.
MOVED,D:\Domestic Animal Classification\data\validation\Chicken\57a5b6049d288489.jpg,D:\Domestic Animal Classification\quarantine\validation\Chicken\57a5b6049d288489.jpg,Duplicate group; retain the preferred dataset split (Train > Test > Validation) and the highest-resolution copy within that split.
MOVED,D:\Domestic Animal Classification\data\validation\Chicken\610c02c44c720c8e.jpg,D:\Domestic Animal Classification\quarantine\validation\Chicken\610c02c44c720c8e.jpg,Duplicate group; retain the preferred dataset split (Train > Test > Validation) and the highest-resolution copy within that split.
MOVED,D:\Domestic Animal Classification\data\validation\Chicken\63313d1b53990ee4.jpg,D:\Domestic Animal Classification\quarantine\validation\Chicken\63313d1b53990ee4.jpg,Duplicate group; retain the preferred dataset split (Train > Test > Validation) and the highest-resolution copy within that split.
MOVED,D:\Domestic Animal Classification\data\validation\Chicken\6495694a3058938f.jpg,D:\Domestic Animal Classification\quarantine\validation\Chicken\6495694a3058938f.jpg,Duplicate group; retain the preferred dataset split (Train > Test > Validation) and the highest-resolution copy within that split.
MOVED,D:\Domestic Animal Classification\data\validation\Chicken\665843d2606bf54e.jpg,D:\Domestic Animal Classification\quarantine\validation\Chicken\665843d2606bf54e.jpg,Duplicate group; retain the preferred dataset split (Train > Test > Validation) and the highest-resolution copy within that split.
MOVED,D:\Domestic Animal Classification\data\validation\Chicken\6af69ec1aa5723d6.jpg,D:\Domestic Animal Classification\quarantine\validation\Chicken\6af69ec1aa5723d6.jpg,Duplicate group; retain the preferred dataset split (Train > Test > Validation) and the highest-resolution copy within that split.
MOVED,D:\Domestic Animal Classification\data\validation\Chicken\7a4e1b285944b27f.jpg,D:\Domestic Animal Classification\quarantine\validation\Chicken\7a4e1b285944b27f.jpg,Duplicate group; retain the preferred dataset split (Train > Test > Validation) and the highest-resolution copy within that split.
MOVED,D:\Domestic Animal Classification\data\validation\Chicken\7IA0ZH8WJAJW.jpg,D:\Domestic Animal Classification\quarantine\validation\Chicken\7IA0ZH8WJAJW.jpg,Duplicate group; retain the preferred dataset split (Train > Test > Validation) and the highest-resolution copy within that split.
MOVED,D:\Domestic Animal Classification\data\validation\Chicken\877932304a4b13fc.jpg,D:\Domestic Animal Classification\quarantine\validation\Chicken\877932304a4b13fc.jpg,Duplicate group; retain the preferred dataset split (Train > Test > Validation) and the highest-resolution copy within that split.
MOVED,D:\Domestic Animal Classification\data\validation\Chicken\87MJQ21RUJO3.jpg,D:\Domestic Animal Classification\quarantine\validation\Chicken\87MJQ21RUJO3.jpg,Duplicate group; retain the preferred dataset split (Train > Test > Validation) and the highest-resolution copy within that split.
MOVED,D:\Domestic Animal Classification\data\validation\Chicken\8841f38273268a49.jpg,D:\Domestic Animal Classification\quarantine\validation\Chicken\8841f38273268a49.jpg,Duplicate group; retain the preferred dataset split (Train > Test > Validation) and the highest-resolution copy within that split.
MOVED,D:\Domestic Animal Classification\data\validation\Chicken\88ec7b2a9565a217.jpg,D:\Domestic Animal Classification\quarantine\validation\Chicken\88ec7b2a9565a217.jpg,Duplicate group; retain the preferred dataset split (Train > Test > Validation) and the highest-resolution copy within that split.
MOVED,D:\Domestic Animal Classification\data\validation\Chicken\919e127d168b61ca.jpg,D:\Domestic Animal Classification\quarantine\validation\Chicken\919e127d168b61ca.jpg,Duplicate group; retain the preferred dataset split (Train > Test > Validation) and the highest-resolution copy within that split.
MOVED,D:\Domestic Animal Classification\data\validation\Chicken\9211722b9d501ab6.jpg,D:\Domestic Animal Classification\quarantine\validation\Chicken\9211722b9d501ab6.jpg,Duplicate group; retain the preferred dataset split (Train > Test > Validation) and the highest-resolution copy within that split.
MOVED,D:\Domestic Animal Classification\data\validation\Chicken\95a7e80be63c135f.jpg,D:\Domestic Animal Classification\quarantine\validation\Chicken\95a7e80be63c135f.jpg,Duplicate group; retain the preferred dataset split (Train > Test > Validation) and the highest-resolution copy within that split.
MOVED,D:\Domestic Animal Classification\data\validation\Chicken\98bd94e89e9f5bbf.jpg,D:\Domestic Animal Classification\quarantine\validation\Chicken\98bd94e89e9f5bbf.jpg,Duplicate group; retain the preferred dataset split (Train > Test > Validation) and the highest-resolution copy within that split.
MOVED,D:\Domestic Animal Classification\data\validation\Chicken\9946887522acf42f.jpg,D:\Domestic Animal Classification\quarantine\validation\Chicken\9946887522acf42f.jpg,Duplicate group; retain the preferred dataset split (Train > Test > Validation) and the highest-resolution copy within that split.
MOVED,D:\Domestic Animal Classification\data\validation\Chicken\9ace2b1e0af4cad0.jpg,D:\Domestic Animal Classification\quarantine\validation\Chicken\9ace2b1e0af4cad0.jpg,Duplicate group; retain the preferred dataset split (Train > Test > Validation) and the highest-resolution copy within that split.
MOVED,D:\Domestic Animal Classification\data\validation\Chicken\9b021e285d010caa.jpg,D:\Domestic Animal Classification\quarantine\validation\Chicken\9b021e285d010caa.jpg,Duplicate group; retain the preferred dataset split (Train > Test > Validation) and the highest-resolution copy within that split.
MOVED,D:\Domestic Animal Classification\data\validation\Chicken\9cc7c95ab9b6ec4b.jpg,D:\Domestic Animal Classification\quarantine\validation\Chicken\9cc7c95ab9b6ec4b.jpg,Duplicate group; retain the preferred dataset split (Train > Test > Validation) and the highest-resolution copy within that split.
MOVED,D:\Domestic Animal Classification\data\validation\Chicken\9e8a43573265df2e.jpg,D:\Domestic Animal Classification\quarantine\validation\Chicken\9e8a43573265df2e.jpg,Duplicate group; retain the preferred dataset split (Train > Test > Validation) and the highest-resolution copy within that split.
MOVED,D:\Domestic Animal Classification\data\validation\Donkey\donkey-16037099 (1).jpg,D:\Domestic Animal Classification\quarantine\validation\Donkey\donkey-16037099 (1).jpg,Duplicate group; retain the preferred dataset split (Train > Test > Validation) and the highest-resolution copy within that split.
MOVED,D:\Domestic Animal Classification\data\validation\Goat\DRYSQZWW3EKR.jpg,D:\Domestic Animal Classification\quarantine\validation\Goat\DRYSQZWW3EKR.jpg,Duplicate group; retain the preferred dataset split (Train > Test > Validation) and the highest-resolution copy within that split.
MOVED,D:\Domestic Animal Classification\data\validation\Goat\FWZ52YR9QPF9.jpg,D:\Domestic Animal Classification\quarantine\validation\Goat\FWZ52YR9QPF9.jpg,Duplicate group; retain the preferred dataset split (Train > Test > Validation) and the highest-resolution copy within that split.
MOVED,D:\Domestic Animal Classification\data\validation\Horse\D3U3G5RNV4H0.jpg,D:\Domestic Animal Classification\quarantine\validation\Horse\D3U3G5RNV4H0.jpg,Duplicate group; retain the preferred dataset split (Train > Test > Validation) and the highest-resolution copy within that split.
MOVED,D:\Domestic Animal Classification\data\validation\Sheep\DSCN6520-e1462262950648-1024x684.jpg,D:\Domestic Animal Classification\quarantine\validation\Sheep\DSCN6520-e1462262950648-1024x684.jpg,Duplicate group; retain the preferred dataset split (Train > Test > Validation) and the highest-resolution copy within that split.
MOVED,D:\Domestic Animal Classification\data\validation\Sheep\white sheep on brown grass field during daytime (3).jpg,D:\Domestic Animal Classification\quarantine\validation\Sheep\white sheep on brown grass field during daytime (3).jpg,Duplicate group; retain the preferred dataset split (Train > Test > Validation) and the highest-resolution copy within that split.
MOVED,D:\Domestic Animal Classification\data\validation\Sheep\white sheep on green grass field.jpg,D:\Domestic Animal Classification\quarantine\validation\Sheep\white sheep on green grass field.jpg,Duplicate group; retain the preferred dataset split (Train > Test > Validation) and the highest-resolution copy within that split.
