image1,split1,class1,image2,split2,class2,distance
..\data\train\Camel\Free Shallow Focus Photography of Camel Stock Photo.jpg,train,Camel,..\data\test\Camel\5M0K2I2A2BSZ.jpg,test,Camel,0
..\data\train\Camel\G4PZDEMX453U.jpg,train,Camel,..\data\test\Camel\1c68ec73964a0332.jpg,test,Camel,0
..\data\train\Camel\GUDRW05GNVCD.jpg,train,Camel,..\data\test\Camel\4bc1027f1ccb353d.jpg,test,Camel,0
..\data\train\Camel\happy-camel.jpg,train,Camel,..\data\test\Camel\415AZP8HOFL9.jpg,test,Camel,0
..\data\train\Camel\HZEFVYXLAYKJ.jpg,train,Camel,..\data\test\Camel\camel_newborn_dromedary.jpg,test,Camel,0
..\data\train\Camel\IK3X3JEKGWH6.jpg,train,Camel,..\data\test\Camel\9bb8fd51ad6846e9.jpg,test,Camel,0
..\data\train\Camel\J3JLAJDY974S.jpg,train,Camel,..\data\test\Camel\0a5e8d559aa5d680.jpg,test,Camel,0
..\data\train\Camel\JSC59TXM8HBO.jpg,train,Camel,..\data\test\Camel\9219e0b5c16a76dc.jpg,test,Camel,0
..\data\train\Camel\KN9LF03CVA8R.jpg,train,Camel,..\data\test\Camel\camel-1249778.webp,test,Camel,2
..\data\train\Camel\KPYNLU68U5UI.jpg,train,Camel,..\data\test\Camel\392f07b11b16ab47.jpg,test,Camel,0
..\data\train\Camel\LH9SC7Z1ZGKZ.jpg,train,Camel,..\data\test\Camel\0b561c9610d097bb.jpg,test,Camel,0
..\data\train\Camel\LT3G45Z4KEBX.jpg,train,Camel,..\data\validation\Camel\857d510198f4aede.jpg,validation,Camel,2
..\data\train\Camel\LXEI2OVGRJ6U.jpg,train,Camel,..\data\test\Camel\animals_hero_camels.jpg,test,Camel,2
..\data\train\Camel\M7DUD6DEUZXC.jpg,train,Camel,..\data\test\Camel\fbe95350ddcee63a.jpg,test,Camel,0
..\data\train\Camel\MYH87XJA7YEG.jpg,train,Camel,..\data\test\Camel\5eb81d43b38e1333.jpg,test,Camel,0
..\data\train\Camel\people-riding-camels-in-desert.jpg,train,Camel,..\data\test\Camel\BV6HPZ0Q20I0.jpg,test,Camel,0
..\data\train\Camel\pexels-photo-133395.jpeg_cs=srgb&dl=pexels-anthony-_F0_9F_93_B7_F0_9F_93_B9_F0_9F_99_82-133395.jpg,train,Camel,..\data\validation\Camel\Free Close Up Photo of Camel Stock Photo.jpg,validation,Camel,0
..\data\train\Camel\pexels-photo-1915950.jpeg_cs=srgb&dl=pexels-alessio-cesario-1915950.jpg,train,Camel,..\data\test\Camel\Free Brown Camel Stock Photo (3).jpg,test,Camel,2
..\data\train\Camel\pexels-photo-2080195.jpeg_cs=srgb&dl=pexels-frans-van-heerden-2080195.jpg,train,Camel,..\data\validation\Camel\Free Close-up of Brown Camel Stock Photo.jpg,validation,Camel,0
..\data\train\Camel\QZ9F2GXRND6U.jpg,train,Camel,..\data\validation\Camel\e9c80cc9d12c6992.jpg,validation,Camel,0
..\data\train\Camel\TGACA3KXAJS6.jpg,train,Camel,..\data\validation\Camel\b49844caf0ecc14c.jpg,validation,Camel,0
..\data\train\Camel\VIC88ZQ1D0HF.jpg,train,Camel,..\data\test\Camel\800px-2011_Trampeltier_1528.jpg,test,Camel,2
..\data\train\Camel\X7TXAPIXFOLQ.jpg,train,Camel,..\data\test\Camel\ec6e09dc8c78907b.jpg,test,Camel,0
..\data\train\Camel\YBG8F18AOAL3.jpg,train,Camel,..\data\test\Camel\39ce9fedcfced39a.jpg,test,Camel,2
..\data\train\Camel\YWWL2KS6AK64.jpg,train,Camel,..\data\test\Camel\a82606e8da066756.jpg,test,Camel,0
..\data\train\Camel\ZHEB8AFE25YQ.jpg,train,Camel,..\data\test\Camel\camel-closeup.jpg,test,Camel,2
..\data\train\Chicken\K2NFW1IDOPHA.jpg,train,Chicken,..\data\validation\Chicken\800cac348495765c.jpg,validation,Chicken,0
..\data\train\Chicken\K3LXDB7IOZY9.jpg,train,Chicken,..\data\validation\Chicken\65ed6abdf15bb5bb.jpg,validation,Chicken,0
..\data\train\Chicken\L2HPZD6O9RRJ.jpg,train,Chicken,..\data\test\Chicken\133f872b2512b109.jpg,test,Chicken,0
..\data\train\Chicken\L7LPV39UIJ2Y.jpg,train,Chicken,..\data\validation\Chicken\9b6bc9e000ae3caa.jpg,validation,Chicken,0
..\data\train\Chicken\LA5MSBRYVDSS.jpg,train,Chicken,..\data\test\Chicken\f77cb9608197b6b3.jpg,test,Chicken,2
..\data\train\Chicken\LG90SIKQW6OK.jpg,train,Chicken,..\data\validation\Chicken\aff4df70ae6b1b5c.jpg,validation,Chicken,2
..\data\train\Chicken\LOGBOG1AAO96.jpg,train,Chicken,..\data\validation\Chicken\7e104b49d2d938de.jpg,validation,Chicken,0
..\data\train\Chicken\LPS0MYNW7O8Z.jpg,train,Chicken,..\data\validation\Chicken\acceaadbee8a73ee.jpg,validation,Chicken,0
..\data\train\Chicken\LY5EK3RW4KGP.jpg,train,Chicken,..\data\validation\Chicken\784f4faf59b09904.jpg,validation,Chicken,0
..\data\train\Chicken\LYXJN1291KSE.jpg,train,Chicken,..\data\validation\Chicken\2352cc300e8508d9.jpg,validation,Chicken,2
..\data\train\Chicken\MJE3S23PPHZU.jpg,train,Chicken,..\data\test\Chicken\43b5058beec85ee4.jpg,test,Chicken,0
..\data\train\Chicken\N51PPAAR3YGJ.jpg,train,Chicken,..\data\validation\Chicken\acf2033ef487bb23.jpg,validation,Chicken,0
..\data\train\Chicken\N5O3HD8FQS4G.jpg,train,Chicken,..\data\validation\Chicken\9f14bda053a11f7e.jpg,validation,Chicken,0
..\data\train\Chicken\N6O9JFL8YS3G.jpg,train,Chicken,..\data\test\Chicken\e6e088a9f1bc15a9.jpg,test,Chicken,0
..\data\train\Chicken\NKZ03GR3FMH7.jpg,train,Chicken,..\data\test\Chicken\ee2c1b5096ffca9c.jpg,test,Chicken,0
..\data\train\Chicken\NLTV50FMCMV1.jpg,train,Chicken,..\data\test\Chicken\ab65119518adb6ff.jpg,test,Chicken,0
..\data\train\Chicken\NSDID343NCQL.jpg,train,Chicken,..\data\test\Chicken\68fe0a55028bc7cb.jpg,test,Chicken,0
..\data\train\Chicken\OA9EKX7B9FHN.jpg,train,Chicken,..\data\test\Chicken\f6e2e32cee27e71a.jpg,test,Chicken,0
..\data\train\Chicken\OHIFDA3EP9JI.jpg,train,Chicken,..\data\validation\Chicken\b5e8ea4ba1c290c3.jpg,validation,Chicken,0
..\data\train\Chicken\ONFJ5ONZ66N1.jpg,train,Chicken,..\data\validation\Chicken\4163315b5ee39d3b.jpg,validation,Chicken,0
..\data\train\Chicken\OXZZ7KMKO69Z.jpg,train,Chicken,..\data\validation\Chicken\802380883e4ba8cd.jpg,validation,Chicken,0
..\data\train\Chicken\P4CCELAQHVHN.jpg,train,Chicken,..\data\validation\Chicken\7678a54a84218df7.jpg,validation,Chicken,0
..\data\train\Chicken\PPS83G2DYRE0.jpg,train,Chicken,..\data\test\Chicken\d2dd123c9c193f9b.jpg,test,Chicken,0
..\data\train\Chicken\PVV6XDAIUDJ0.jpg,train,Chicken,..\data\test\Chicken\72a20d232466be8c.jpg,test,Chicken,0
..\data\train\Chicken\Q3RDFSGHWKUH.jpg,train,Chicken,..\data\validation\Chicken\04423d3f6f5b8e74.jpg,validation,Chicken,2
..\data\train\Chicken\Q64AAA8WRA1R.jpg,train,Chicken,..\data\test\Chicken\d4f3296ecf3c8223.jpg,test,Chicken,0
..\data\train\Chicken\QGQO3P0SWILZ.jpg,train,Chicken,..\data\test\Chicken\fc77ba1448296df1.jpg,test,Chicken,0
..\data\train\Chicken\QRGIZX2GUIFK.jpg,train,Chicken,..\data\validation\Chicken\000411001ff7dd4f.jpg,validation,Chicken,0
..\data\train\Chicken\QYMBPEB2JFSN.jpg,train,Chicken,..\data\validation\Chicken\0650a130d7f707b5.jpg,validation,Chicken,0
..\data\train\Chicken\S3IOW1HRNNA6.jpg,train,Chicken,..\data\validation\Chicken\9a86010931b34073.jpg,validation,Chicken,0
..\data\train\Chicken\SIV8VBJWLILQ.jpg,train,Chicken,..\data\test\Chicken\f4483efe072cd5d1.jpg,test,Chicken,0
..\data\train\Chicken\SQ1YPLLHNRXV.jpg,train,Chicken,..\data\test\Chicken\f450a2a6387fdce5.jpg,test,Chicken,0
..\data\train\Chicken\TATDTK184F8E.jpg,train,Chicken,..\data\validation\Chicken\97c5baf58da390c9.jpg,validation,Chicken,0
..\data\train\Chicken\TC7UKA9LVTST.jpg,train,Chicken,..\data\validation\Chicken\2f9d7db0b288fb7b.jpg,validation,Chicken,0
..\data\train\Chicken\TDFAKEMSPE9G.jpg,train,Chicken,..\data\validation\Chicken\a82aa4a99fa12623.jpg,validation,Chicken,0
..\data\train\Chicken\TGK1KBYUY14X.jpg,train,Chicken,..\data\test\Chicken\ebc67b03c8403f9c.jpg,test,Chicken,0
..\data\train\Chicken\TOVJSU4NIHPM.jpg,train,Chicken,..\data\test\Chicken\c8f58f0d0ed95518.jpg,test,Chicken,2
..\data\train\Chicken\TSGNGA24YUZY.jpg,train,Chicken,..\data\validation\Chicken\73117696755f6e5f.jpg,validation,Chicken,0
..\data\train\Chicken\TUXPGYV110X7.jpg,train,Chicken,..\data\test\Chicken\6359ceb7d02391bb.jpg,test,Chicken,0
..\data\train\Chicken\TZZXMIQRYMTA.jpg,train,Chicken,..\data\test\Chicken\70e6c76dad29e20a.jpg,test,Chicken,0
..\data\train\Chicken\U0XD91VUQZR8.jpg,train,Chicken,..\data\validation\Chicken\4fe00e1e912e1542.jpg,validation,Chicken,2
..\data\train\Chicken\UF50RLVECHK1.jpg,train,Chicken,..\data\validation\Chicken\817321177f072732.jpg,validation,Chicken,0
..\data\train\Chicken\UMDUI46G8UFZ.jpg,train,Chicken,..\data\test\Chicken\05600e8a393e3c3a.jpg,test,Chicken,0
..\data\train\Chicken\UN7AJWQLHGV6.jpg,train,Chicken,..\data\validation\Chicken\749e2c951c4b6a7a.jpg,validation,Chicken,0
..\data\train\Chicken\UQE0H16PMZSD.jpg,train,Chicken,..\data\test\Chicken\eff33846a38be402.jpg,test,Chicken,0
..\data\train\Chicken\VIXFGL51VB0W.jpg,train,Chicken,..\data\test\Chicken\b2c73e3e5c40a76a.jpg,test,Chicken,0
..\data\train\Chicken\WCA5QJMX6N4U.jpg,train,Chicken,..\data\test\Chicken\a3d6f09de1df5dc1.jpg,test,Chicken,0
..\data\train\Chicken\WCPTWDKF0IXC.jpg,train,Chicken,..\data\validation\Chicken\a9c69ecd1ac3cd8a.jpg,validation,Chicken,0
..\data\train\Chicken\WOUODST41TJV.jpg,train,Chicken,..\data\validation\Chicken\41b1d155155252d5.jpg,validation,Chicken,0
..\data\train\Chicken\WS6UKG4U2C4A.jpg,train,Chicken,..\data\validation\Chicken\a179d76b3b21ad20.jpg,validation,Chicken,0
..\data\train\Chicken\WXTV5SDVODCP.jpg,train,Chicken,..\data\test\Chicken\736605cc2d3d17f8.jpg,test,Chicken,0
..\data\train\Chicken\XENLDDC7NRJR.jpg,train,Chicken,..\data\validation\Chicken\a565d6501f8563c6.jpg,validation,Chicken,0
..\data\train\Chicken\XI8Q5LPSORTR.jpg,train,Chicken,..\data\test\Chicken\1fa44e6f2cb4b2a0.jpg,test,Chicken,0
..\data\train\Chicken\XVC1QA9LFNTP.jpg,train,Chicken,..\data\test\Chicken\c966cb21efa54558.jpg,test,Chicken,0
..\data\train\Chicken\YHO1JB3X3IGP.jpg,train,Chicken,..\data\validation\Chicken\b91447474b1863a9.jpg,validation,Chicken,0
..\data\train\Chicken\YYNAC7CWBFN1.jpg,train,Chicken,..\data\validation\Chicken\8720cfd4fb4fa1cf.jpg,validation,Chicken,0
..\data\train\Chicken\Z6VPDOHJ6CLX.jpg,train,Chicken,..\data\test\Chicken\eb9c0dc5ca3ea626.jpg,test,Chicken,0
..\data\train\Donkey\1000_F_107916074_mn94Ufm8ueZxXNV6GKW0VACL1PsvSOc5.jpg,train,Donkey,..\data\test\Donkey\500_F_107916074_mn94Ufm8ueZxXNV6GKW0VACL1PsvSOc5.jpg,test,Donkey,0
..\data\train\Donkey\1000_F_308933558_yvFoGCNfsaqTn4AnsWEB8BXJRf29zwMn.jpg,train,Donkey,..\data\test\Donkey\308933558.jpg,test,Donkey,0
..\data\train\Donkey\107916074.jpg,train,Donkey,..\data\test\Donkey\500_F_107916074_mn94Ufm8ueZxXNV6GKW0VACL1PsvSOc5.jpg,test,Donkey,0
..\data\train\Donkey\117007733.jpg,train,Donkey,..\data\validation\Donkey\360_F_117007733_1N5za9YA0CmEfxASMDdj3w7qUVVCUwFL.jpg,validation,Donkey,0
..\data\train\Donkey\13-61e93d452f114a07a3654de86ef6a712.jpg,train,Donkey,..\data\validation\Donkey\images - 2023-09-21T210237.629.jpeg,validation,Donkey,0
..\data\train\Donkey\163051432.jpg,train,Donkey,..\data\validation\Donkey\360_F_163051432_preFOVYHJCyBF6zVk9mstRiLy0ehRO26.jpg,validation,Donkey,0
..\data\train\Donkey\177390419.jpg,train,Donkey,..\data\test\Donkey\360_F_177390419_69JERcGoiRfFMyy2DNfQe2dbIzxeqTfn.jpg,test,Donkey,0
..\data\train\Donkey\203983996.jpg,train,Donkey,..\data\test\Donkey\download (55).jpeg,test,Donkey,0
..\data\train\Donkey\216793810.jpg,train,Donkey,..\data\validation\Donkey\500_F_216793810_X7iWodtAKSib4rPvoW4sDQDp2MXVoZhC.jpg,validation,Donkey,2
..\data\train\Donkey\232490327.jpg,train,Donkey,..\data\test\Donkey\360_F_232490327_CfzNyqq1sR5yUlL7zYllzYqIKA6GQIqT.jpg,test,Donkey,0
..\data\train\Donkey\240_F_10331779_PVOLBM8MIeDZW9H0vc3Cr0nLMoSEO8Le.jpg,train,Donkey,..\data\validation\Donkey\500_F_10331779_PVOLBM8MIeDZW9H0vc3Cr0nLMoSEO8Le.jpg,validation,Donkey,0
..\data\train\Donkey\240_F_10331779_PVOLBM8MIeDZW9H0vc3Cr0nLMoSEO8Le.jpg,train,Donkey,..\data\validation\Donkey\donkey-4-years-7023061 (1).jpg,validation,Donkey,0
..\data\train\Donkey\240_F_10331779_PVOLBM8MIeDZW9H0vc3Cr0nLMoSEO8Le.jpg,train,Donkey,..\data\test\Donkey\1000_F_10331779_PVOLBM8MIeDZW9H0vc3Cr0nLMoSEO8Le.jpg,test,Donkey,0
..\data\train\Donkey\240_F_107916074_mn94Ufm8ueZxXNV6GKW0VACL1PsvSOc5.jpg,train,Donkey,..\data\test\Donkey\500_F_107916074_mn94Ufm8ueZxXNV6GKW0VACL1PsvSOc5.jpg,test,Donkey,0
..\data\train\Donkey\240_F_113045929_DKAxykLlheL458u9SmweztpT61Kig4Kk.jpg,train,Donkey,..\data\test\Donkey\360_F_113045929_DKAxykLlheL458u9SmweztpT61Kig4Kk.jpg,test,Donkey,0
..\data\train\Donkey\240_F_117007733_1N5za9YA0CmEfxASMDdj3w7qUVVCUwFL.jpg,train,Donkey,..\data\validation\Donkey\360_F_117007733_1N5za9YA0CmEfxASMDdj3w7qUVVCUwFL.jpg,validation,Donkey,0
..\data\train\Donkey\251527543.jpg,train,Donkey,..\data\test\Donkey\360_F_251527543_Ze1DCXd5UzNfmuQaccPXhMiA5ubBEKKd.jpg,test,Donkey,0
..\data\train\Donkey\28793069.jpg,train,Donkey,..\data\test\Donkey\1000_F_28793069_IA3ZvPxuhiiCogtPHmm59I5oyEPyX4tg.jpg,test,Donkey,2
..\data\train\Donkey\28793069.jpg,train,Donkey,..\data\test\Donkey\funny-donkey-11066139 (2).jpg,test,Donkey,0
..\data\train\Donkey\308933651.jpg,train,Donkey,..\data\test\Donkey\360_F_308933651_k6mv1GwHR5aU0XmQmVv0axnS97WtD4An.jpg,test,Donkey,0
..\data\train\Donkey\319942397.jpg,train,Donkey,..\data\test\Donkey\360_F_319942397_4btynOXXhVKxL2D9psWFoLdly9bJrNRl.jpg,test,Donkey,0
..\data\train\Donkey\360_F_10331779_PVOLBM8MIeDZW9H0vc3Cr0nLMoSEO8Le.jpg,train,Donkey,..\data\validation\Donkey\500_F_10331779_PVOLBM8MIeDZW9H0vc3Cr0nLMoSEO8Le.jpg,validation,Donkey,0
..\data\train\Donkey\360_F_10331779_PVOLBM8MIeDZW9H0vc3Cr0nLMoSEO8Le.jpg,train,Donkey,..\data\validation\Donkey\donkey-4-years-7023061 (1).jpg,validation,Donkey,0
..\data\train\Donkey\360_F_10331779_PVOLBM8MIeDZW9H0vc3Cr0nLMoSEO8Le.jpg,train,Donkey,..\data\test\Donkey\1000_F_10331779_PVOLBM8MIeDZW9H0vc3Cr0nLMoSEO8Le.jpg,test,Donkey,0
..\data\train\Donkey\360_F_107916074_mn94Ufm8ueZxXNV6GKW0VACL1PsvSOc5.jpg,train,Donkey,..\data\test\Donkey\500_F_107916074_mn94Ufm8ueZxXNV6GKW0VACL1PsvSOc5.jpg,test,Donkey,0
..\data\train\Donkey\360_F_107916233_reewThZdzpZD82A5S1TgfUVqYPJx0vCi.jpg,train,Donkey,..\data\validation\Donkey\240_F_107916233_reewThZdzpZD82A5S1TgfUVqYPJx0vCi.jpg,validation,Donkey,0
..\data\train\Donkey\360_F_117351782_ugRMzKUg8pz8ucKVqIPI1JzQSCItC0Hx.jpg,train,Donkey,..\data\validation\Donkey\1000_F_117351782_ugRMzKUg8pz8ucKVqIPI1JzQSCItC0Hx.jpg,validation,Donkey,0
..\data\train\Donkey\360_F_117351782_ugRMzKUg8pz8ucKVqIPI1JzQSCItC0Hx.jpg,train,Donkey,..\data\validation\Donkey\240_F_117351782_ugRMzKUg8pz8ucKVqIPI1JzQSCItC0Hx.jpg,validation,Donkey,0
..\data\train\Donkey\360_F_12433896_2dqsp5Lg5ypdZNhugMhS0tNDbMOXJ0IC.jpg,train,Donkey,..\data\validation\Donkey\download (57).jpeg,validation,Donkey,0
..\data\train\Donkey\360_F_28793069_IA3ZvPxuhiiCogtPHmm59I5oyEPyX4tg.jpg,train,Donkey,..\data\test\Donkey\1000_F_28793069_IA3ZvPxuhiiCogtPHmm59I5oyEPyX4tg.jpg,test,Donkey,2
..\data\train\Donkey\360_F_28793069_IA3ZvPxuhiiCogtPHmm59I5oyEPyX4tg.jpg,train,Donkey,..\data\test\Donkey\funny-donkey-11066139 (2).jpg,test,Donkey,0
..\data\train\Donkey\360_F_308933558_yvFoGCNfsaqTn4AnsWEB8BXJRf29zwMn.jpg,train,Donkey,..\data\test\Donkey\308933558.jpg,test,Donkey,0
..\data\train\Donkey\360_F_310236025_Tky9W5QGSN8YOoRt044cdOWUaGUyMVzf.jpg,train,Donkey,..\data\test\Donkey\240_F_310236025_Tky9W5QGSN8YOoRt044cdOWUaGUyMVzf.jpg,test,Donkey,0
..\data\train\Donkey\360_F_4763992_VA5FNaZ0AK7qBB5dj8HfsvlbgcPaFvya.jpg,train,Donkey,..\data\validation\Donkey\4763992.jpg,validation,Donkey,0
..\data\train\Donkey\360_F_560309769_Hq2ka6GZ3d13IZAgJOlU0jYwgmU2lOpz.jpg,train,Donkey,..\data\test\Donkey\download (73).jpeg,test,Donkey,0
..\data\train\Donkey\360_F_600374704_fLpNdrcj6DaFG0wJW1WowSRrLQyxEVDL.jpg,train,Donkey,..\data\validation\Donkey\240_F_600374704_fLpNdrcj6DaFG0wJW1WowSRrLQyxEVDL.jpg,validation,Donkey,0
..\data\train\Donkey\360_F_72040089_NLsxgWAJFlBWsboATxtq4lkcDfTjhGZv.jpg,train,Donkey,..\data\validation\Donkey\72040089.jpg,validation,Donkey,0
..\data\train\Donkey\4-4-DONKEY-CHECK-OFF_web.jpg,train,Donkey,..\data\test\Donkey\images - 2023-09-21T210232.481.jpeg,test,Donkey,2
..\data\train\Donkey\500_F_117351782_ugRMzKUg8pz8ucKVqIPI1JzQSCItC0Hx.jpg,train,Donkey,..\data\validation\Donkey\1000_F_117351782_ugRMzKUg8pz8ucKVqIPI1JzQSCItC0Hx.jpg,validation,Donkey,0
..\data\train\Donkey\500_F_117351782_ugRMzKUg8pz8ucKVqIPI1JzQSCItC0Hx.jpg,train,Donkey,..\data\validation\Donkey\240_F_117351782_ugRMzKUg8pz8ucKVqIPI1JzQSCItC0Hx.jpg,validation,Donkey,0
..\data\train\Donkey\500_F_28793069_IA3ZvPxuhiiCogtPHmm59I5oyEPyX4tg.jpg,train,Donkey,..\data\test\Donkey\1000_F_28793069_IA3ZvPxuhiiCogtPHmm59I5oyEPyX4tg.jpg,test,Donkey,2
..\data\train\Donkey\500_F_28793069_IA3ZvPxuhiiCogtPHmm59I5oyEPyX4tg.jpg,train,Donkey,..\data\test\Donkey\funny-donkey-11066139 (2).jpg,test,Donkey,2
..\data\train\Donkey\55-Curiosity-Canva-min.png,train,Donkey,..\data\test\Donkey\images - 2023-09-21T210239.094.jpeg,test,Donkey,0
..\data\train\Donkey\5acb657a8c41a.jpg,train,Donkey,..\data\test\Donkey\images - 2023-09-21T210241.680.jpeg,test,Donkey,0
..\data\train\Donkey\982155_1_05-20-Hawaii-Donkey-Adoption_standard.jpg,train,Donkey,..\data\test\Donkey\images - 2023-09-21T210236.549.jpeg,test,Donkey,0
..\data\train\Donkey\ab1c07_0106bc3554cf4f6f8520686d5c58faf7_mv2.jpg,train,Donkey,..\data\validation\Donkey\images - 2023-09-21T210232.288.jpeg,validation,Donkey,0
..\data\train\Donkey\anthony-rae-79BRmxPm2Bc-unsplash.jpg,train,Donkey,..\data\validation\Donkey\images - 2023-09-21T210233.936.jpeg,validation,Donkey,0
..\data\train\Donkey\canstockphoto9563962_-_ibogdan.jpg,train,Donkey,..\data\test\Donkey\images - 2023-09-21T210245.431.jpeg,test,Donkey,2
..\data\train\Donkey\donkey (6).jpg,train,Donkey,..\data\validation\Donkey\images - 2023-09-21T210227.966.jpeg,validation,Donkey,0
..\data\train\Donkey\donkey-19838471 (2).jpg,train,Donkey,..\data\validation\Donkey\360_F_32973533_JEtAxS6lAnr6JpBfE3RGA4aTK3SPXKag.jpg,validation,Donkey,0
..\data\train\Donkey\donkey-19838471 (2).jpg,train,Donkey,..\data\test\Donkey\32973533.jpg,test,Donkey,0
..\data\train\Donkey\donkey-breakfast-eating-grass-island-dugi-otok-adriatic-sea-dalmatia-croatia-31372898 (1).jpg,train,Donkey,..\data\validation\Donkey\donkey-breakfast-eating-grass-island-dugi-otok-adriatic-sea-dalmatia-croatia-31372898 (3).jpg,validation,Donkey,0
..\data\train\Donkey\donkey-funny-animals-donkey-funny-animals-happy-humorous-donkey-laughing-something-very-very-funny-101898764 (1).jpg,train,Donkey,..\data\test\Donkey\176786131.jpg,test,Donkey,0
..\data\train\Donkey\donkey-funny-animals-donkey-funny-animals-happy-humorous-donkey-laughing-something-very-very-funny-101898764 (1).jpg,train,Donkey,..\data\test\Donkey\360_F_176786131_KnCinzfMZUaMLeQMKcMoYrBw3UGluQ15.jpg,test,Donkey,0
..\data\train\Donkey\donkey-isolated-white-background-65427303 (6).jpg,train,Donkey,..\data\test\Donkey\360_F_100735777_sQnXog3SW5efY0FqOCAf2EsIg0tlrqeZ.jpg,test,Donkey,0
..\data\train\Donkey\donkey-saddle-its-back-ayt-blue-sky-under-bright-sun-desert-to-be-ride-inside-petra-171090080 (1).jpg,train,Donkey,..\data\test\Donkey\360_F_319942397_4btynOXXhVKxL2D9psWFoLdly9bJrNRl.jpg,test,Donkey,2
..\data\train\Donkey\donkey.primary-04234ea433544037b623daacd6ed7a59.jpg,train,Donkey,..\data\test\Donkey\images - 2023-09-21T210235.484.jpeg,test,Donkey,0
..\data\train\Donkey\donkeys-water-trough.jpg,train,Donkey,..\data\test\Donkey\images - 2023-09-21T210236.022.jpeg,test,Donkey,0
..\data\train\Donkey\donkeysneedm.jpg,train,Donkey,..\data\test\Donkey\images - 2023-09-21T210243.278.jpeg,test,Donkey,0
..\data\train\Donkey\download (28).jpeg,train,Donkey,..\data\test\Donkey\photo-1569506474518-ba135df90c6d.jpeg,test,Donkey,0
..\data\train\Donkey\download (50).jpeg,train,Donkey,..\data\test\Donkey\240_F_222976288_yv5e0tPo0hCD2Zi6ez9axmecSBAR3abs.jpg,test,Donkey,2
..\data\train\Donkey\download (51).jpeg,train,Donkey,..\data\validation\Donkey\360_F_372909943_Ix9RxvSnevxsixNCaQVPufe89nemR1Ia.jpg,validation,Donkey,0
..\data\train\Donkey\download (51).jpeg,train,Donkey,..\data\validation\Donkey\372909943.jpg,validation,Donkey,0
..\data\train\Donkey\download (51).jpeg,train,Donkey,..\data\validation\Donkey\donkey-isolated-white-background-194708123 (5).jpg,validation,Donkey,2
..\data\train\Donkey\download (52).jpeg,train,Donkey,..\data\validation\Donkey\360_F_32973533_JEtAxS6lAnr6JpBfE3RGA4aTK3SPXKag.jpg,validation,Donkey,0
..\data\train\Donkey\download (52).jpeg,train,Donkey,..\data\test\Donkey\32973533.jpg,test,Donkey,0
..\data\train\Donkey\funny-donkey-meadow-open-mouth-55694688 (6).jpg,train,Donkey,..\data\test\Donkey\download (29).jpeg,test,Donkey,0
..\data\train\Donkey\funny-donkey-road-transfagarasan-romanian-mountains-75232844 (5).jpg,train,Donkey,..\data\validation\Donkey\1000_F_117351782_ugRMzKUg8pz8ucKVqIPI1JzQSCItC0Hx.jpg,validation,Donkey,0
..\data\train\Donkey\funny-donkey-road-transfagarasan-romanian-mountains-75232844 (5).jpg,train,Donkey,..\data\validation\Donkey\240_F_117351782_ugRMzKUg8pz8ucKVqIPI1JzQSCItC0Hx.jpg,validation,Donkey,0
..\data\train\Donkey\funny-donkey.jpg,train,Donkey,..\data\test\Donkey\1000_F_28793069_IA3ZvPxuhiiCogtPHmm59I5oyEPyX4tg.jpg,test,Donkey,2
..\data\train\Donkey\funny-donkey.jpg,train,Donkey,..\data\test\Donkey\funny-donkey-11066139 (2).jpg,test,Donkey,0
..\data\train\Donkey\GettyImages-910465200.jpg,train,Donkey,..\data\test\Donkey\images - 2023-09-21T210233.737.jpeg,test,Donkey,0
..\data\train\Donkey\images - 2023-09-21T210227.662.jpeg,train,Donkey,..\data\test\Donkey\Donkey_20muurtje.png,test,Donkey,0
..\data\train\Donkey\images - 2023-09-21T210227.826.jpeg,train,Donkey,..\data\test\Donkey\00SCI-DONKEYS-promo-mediumSquareAt3X.jpg,test,Donkey,0
..\data\train\Donkey\images - 2023-09-21T210228.236.jpeg,train,Donkey,..\data\test\Donkey\2iaNbD5d5skQUG6bw9Z6gg.jpg,test,Donkey,0
..\data\train\Donkey\images - 2023-09-21T210229.230.jpeg,train,Donkey,..\data\validation\Donkey\Stolen_donkey_2.jpg,validation,Donkey,0
..\data\train\Donkey\images - 2023-09-21T210229.634.jpeg,train,Donkey,..\data\test\Donkey\Difference-Between-a-Donkey-and-a-Burro-1024x815.jpg,test,Donkey,0
..\data\train\Donkey\images - 2023-09-21T210232.541.jpeg,train,Donkey,..\data\test\Donkey\depositphotos_318564076-stock-photo-glueckliche-esel-ganz-nahe.jpg,test,Donkey,2
..\data\train\Donkey\images - 2023-09-21T210234.011.jpeg,train,Donkey,..\data\test\Donkey\ATAN-El-Saff-108-copy.jpg,test,Donkey,0
..\data\train\Donkey\images - 2023-09-21T210235.016.jpeg,train,Donkey,..\data\test\Donkey\premium_photo-1672609588203-9897fab06b6c.jpeg,test,Donkey,0
..\data\train\Donkey\images - 2023-09-21T210235.252.jpeg,train,Donkey,..\data\test\Donkey\Free Gray Donkey on Grass Stock Photo.jpg,test,Donkey,0
..\data\train\Donkey\images - 2023-09-21T210235.743.jpeg,train,Donkey,..\data\validation\Donkey\7856.jpg,validation,Donkey,0
..\data\train\Donkey\images - 2023-09-21T210236.099.jpeg,train,Donkey,..\data\test\Donkey\1000_F_28793069_IA3ZvPxuhiiCogtPHmm59I5oyEPyX4tg.jpg,test,Donkey,2
..\data\train\Donkey\images - 2023-09-21T210236.099.jpeg,train,Donkey,..\data\test\Donkey\funny-donkey-11066139 (2).jpg,test,Donkey,2
..\data\train\Donkey\images - 2023-09-21T210236.400.jpeg,train,Donkey,..\data\test\Donkey\500_F_107916074_mn94Ufm8ueZxXNV6GKW0VACL1PsvSOc5.jpg,test,Donkey,0
..\data\train\Donkey\images - 2023-09-21T210238.210.jpeg,train,Donkey,..\data\validation\Donkey\file-20221118-25-kjhzwj.jpg_ixlib=rb-1.1.jpg,validation,Donkey,0
..\data\train\Donkey\images - 2023-09-21T210239.290.jpeg,train,Donkey,..\data\test\Donkey\donkey-animal--500x500.jpg,test,Donkey,0
..\data\train\Donkey\images - 2023-09-21T210242.343.jpeg,train,Donkey,..\data\test\Donkey\Donkey-ownership.jpg,test,Donkey,0
..\data\train\Donkey\images - 2023-09-21T210243.340.jpeg,train,Donkey,..\data\validation\Donkey\christmas2_orig.jpg,validation,Donkey,0
..\data\train\Donkey\images - 2023-09-21T210243.911.jpeg,train,Donkey,..\data\validation\Donkey\donkeys-218069_1280.jpg,validation,Donkey,0
..\data\train\Donkey\images - 2023-09-21T210244.118.jpeg,train,Donkey,..\data\validation\Donkey\4763992.jpg,validation,Donkey,2
..\data\train\Donkey\images - 2023-09-21T210245.348.jpeg,train,Donkey,..\data\test\Donkey\thinkstockphotos-507006967_-_denboma_-_main.jpg,test,Donkey,0
..\data\train\Donkey\images - 2023-09-21T210247.332.jpeg,train,Donkey,..\data\validation\Donkey\donkey_noun_002_11261.jpg_version=5.0.jpg,validation,Donkey,0
..\data\train\Donkey\photo-1569506474518-ba135df90c6d_ixlib=rb-4.0.jpg,train,Donkey,..\data\test\Donkey\photo-1569506474518-ba135df90c6d.jpeg,test,Donkey,0
..\data\train\Donkey\photo-1602023395780-b36f512ae72d.jpeg,train,Donkey,..\data\validation\Donkey\images - 2023-09-21T210233.936.jpeg,validation,Donkey,0
..\data\train\Donkey\standard-donkey.jpg,train,Donkey,..\data\test\Donkey\images - 2023-09-21T210243.426.jpeg,test,Donkey,0
..\data\train\Donkey\woman-1516716_1280.jpg,train,Donkey,..\data\validation\Donkey\woman-1516716_640.jpg,validation,Donkey,0
..\data\train\Goat\2d21b50ce97c6fed.jpg,train,Goat,..\data\test\Goat\UAWIZKDYMDI1.jpg,test,Goat,0
..\data\train\Goat\2KCOC6V0GEF1.jpg,train,Goat,..\data\validation\Goat\bb344550466c5b2e.jpg,validation,Goat,0
..\data\train\Goat\3c738dc9f5571930.jpg,train,Goat,..\data\test\Goat\DKKMPSJ8L0HQ.jpg,test,Goat,0
..\data\train\Goat\3e25c699605eb379.jpg,train,Goat,..\data\test\Goat\GNHP8RKCO5QH.jpg,test,Goat,0
..\data\train\Goat\3I8QKJB4KTQQ.jpg,train,Goat,..\data\test\Goat\316c79766dc073aa.jpg,test,Goat,0
..\data\train\Goat\419B4H7MX3W2.jpg,train,Goat,..\data\test\Goat\9HK8VZRB6EFT.jpg,test,Goat,0
..\data\train\Goat\44WLHPFJTISV.jpg,train,Goat,..\data\test\Goat\241670ce818d0745.jpg,test,Goat,0
..\data\train\Goat\45afbaca1e58504f.jpg,train,Goat,..\data\validation\Goat\IQSP190ZPV7T.jpg,validation,Goat,0
..\data\train\Goat\4c41513fb1c9bf62.jpg,train,Goat,..\data\test\Goat\H89GA7E1FUQX.jpg,test,Goat,0
..\data\train\Goat\4DPNXK4CYE3M.jpg,train,Goat,..\data\test\Goat\UPZPPU5VOWWZ.jpg,test,Goat,0
..\data\train\Goat\50004b537dea9680.jpg,train,Goat,..\data\test\Goat\P6GDRL6385GF.jpg,test,Goat,0
..\data\train\Goat\64FBH6Q4A87B.jpg,train,Goat,..\data\validation\Goat\7217537d27457d2d.jpg,validation,Goat,0
..\data\train\Goat\771DO782AYT2.jpg,train,Goat,..\data\validation\Goat\b0921cfe749da2d6.jpg,validation,Goat,0
..\data\train\Goat\8a60c9030d62458a.jpg,train,Goat,..\data\test\Goat\O2VM0XV5WE8R.jpg,test,Goat,0
..\data\train\Goat\9353f1d1918996b0.jpg,train,Goat,..\data\test\Goat\KO5O9CTSKGZH.jpg,test,Goat,0
..\data\train\Goat\acaf1dffe0ca6b68.jpg,train,Goat,..\data\validation\Goat\YRUEORKVZ1P8.jpg,validation,Goat,0
..\data\train\Goat\BOE6HR92RNGG.jpg,train,Goat,..\data\validation\Goat\NJYQRW924RAU.jpg,validation,Goat,0
..\data\train\Goat\c436f84503ffbdb2.jpg,train,Goat,..\data\test\Goat\LSTUTXZKRYAF.jpg,test,Goat,0
..\data\train\Goat\d28a4e60df2d1da9.jpg,train,Goat,..\data\test\Goat\65TA1NQL9Z4W.jpg,test,Goat,0
..\data\train\Goat\df8740483237b407.jpg,train,Goat,..\data\test\Goat\UX1S2TAG8LK2.jpg,test,Goat,0
..\data\train\Goat\DVG1C451JX44.jpg,train,Goat,..\data\test\Goat\3750075e3b01b1f9.jpg,test,Goat,0
..\data\train\Goat\EN7B22010YYE.jpg,train,Goat,..\data\test\Goat\1c169ca0ae17a9bd.jpg,test,Goat,0
..\data\train\Goat\F1GGX0XHKV6I.jpg,train,Goat,..\data\test\Sheep\0de810360aa4ab15.jpg,test,Sheep,0
..\data\train\Goat\IA2JU4QJTU3V.jpg,train,Goat,..\data\test\Goat\4ba875064f8417e9.jpg,test,Goat,0
..\data\train\Goat\PENIVS6ZZTCD.jpg,train,Goat,..\data\validation\Goat\bc9b4cd47622bec7.jpg,validation,Goat,0
..\data\train\Goat\QYKFJYDSTRF5.jpg,train,Goat,..\data\validation\Goat\153d164e827a6716.jpg,validation,Goat,2
..\data\train\Goat\Y9LAQURYPNXM.jpg,train,Goat,..\data\test\Goat\538ac1a4ddf9ed1f.jpg,test,Goat,0
..\data\train\Goat\Y9RPQUZ3QFUB.jpg,train,Goat,..\data\test\Goat\a7784d0208fe980c.jpg,test,Goat,0
..\data\train\Horse\041ad9ea598c47ad.jpg,train,Horse,..\data\test\Horse\5A898HOJILRS.jpg,test,Horse,0
..\data\train\Horse\0L8IORDNDX51.jpg,train,Horse,..\data\validation\Horse\a0bbe103ce17390e.jpg,validation,Horse,0
..\data\train\Horse\189f2b0b825a651d.jpg,train,Horse,..\data\validation\Horse\X328MLW7PEIX.jpg,validation,Horse,0
..\data\train\Horse\1F8AUZEIEXGG.jpg,train,Horse,..\data\test\Horse\36WMPOU7QWJZ.jpg,test,Horse,0
..\data\train\Horse\236822e07c378be2.jpg,train,Horse,..\data\validation\Horse\XGE6F8KBAN55.jpg,validation,Horse,0
..\data\train\Horse\3KUPQKO7XMJX.jpg,train,Horse,..\data\validation\Horse\bc9e0a0abfc61d8a.jpg,validation,Horse,0
..\data\train\Horse\405bd80086a4588d.jpg,train,Horse,..\data\test\Horse\VM3L3HUAZNRV.jpg,test,Horse,2
..\data\train\Horse\41BBIV2FSL66.jpg,train,Horse,..\data\test\Horse\UWNM52DJW4RG.jpg,test,Horse,0
..\data\train\Horse\4BY9I1K0VVLW.jpg,train,Horse,..\data\test\Horse\8OAVLX14HIXI.jpg,test,Horse,0
..\data\train\Horse\4LLNNNWLS2CR.jpg,train,Horse,..\data\test\Horse\848d2ec368783082.jpg,test,Horse,0
..\data\train\Horse\4XW3VLJBBFDG.jpg,train,Horse,..\data\test\Horse\c29b524d87a7fc0d.jpg,test,Horse,0
..\data\train\Horse\50fc5ad801b87e04.jpg,train,Horse,..\data\test\Horse\T8AUSV1RVZZA.jpg,test,Horse,0
..\data\train\Horse\5CNV4RUMRSPT.jpg,train,Horse,..\data\test\Horse\Y4NKMFDY9E7V.jpg,test,Horse,0
..\data\train\Horse\69VEVWCC22ZD.jpg,train,Horse,..\data\test\Horse\ba18a90e46a05f4f.jpg,test,Horse,0
..\data\train\Horse\6PA3B5VQOCFU.jpg,train,Horse,..\data\test\Horse\CGKXW18VPQ56.jpg,test,Horse,0
..\data\train\Horse\76ce70eef13243d0.jpg,train,Horse,..\data\test\Horse\0IMFZ79PCC7P.jpg,test,Horse,0
..\data\train\Horse\7c139f8ecea59117.jpg,train,Horse,..\data\test\Horse\8RBL6UC5CPPV.jpg,test,Horse,0
..\data\train\Horse\7NTPTYS826SC.jpg,train,Horse,..\data\test\Horse\7e3a732623b6f59c.jpg,test,Horse,0
..\data\train\Horse\83fb125902095ba3.jpg,train,Horse,..\data\validation\Horse\0N3B7YQZTXAF.jpg,validation,Horse,0
..\data\train\Horse\865610e59aaa728f.jpg,train,Horse,..\data\test\Horse\I3SMACU7614K.jpg,test,Horse,0
..\data\train\Horse\86f41975441de299.jpg,train,Horse,..\data\test\Horse\GB4TCIVAA2B1.jpg,test,Horse,2
..\data\train\Horse\881bd1e3ffd10f96.jpg,train,Horse,..\data\validation\Horse\TBFHTQIU3RY1.jpg,validation,Horse,0
..\data\train\Horse\8BZYCR1250IW.jpg,train,Horse,..\data\validation\Horse\39468b81eaa62ba7.jpg,validation,Horse,0
..\data\train\Horse\8efb164294639151.jpg,train,Horse,..\data\validation\Horse\6H28D1E2DGVO.jpg,validation,Horse,0
..\data\train\Horse\8UCTT6KBC3EZ.jpg,train,Horse,..\data\test\Horse\4d5d7b41d0eb43d3.jpg,test,Horse,0
..\data\train\Horse\9302f85f8d5e7643.jpg,train,Horse,..\data\test\Horse\WT84B2V1TR55.jpg,test,Horse,0
..\data\train\Horse\9HKQIKCD1065.jpg,train,Horse,..\data\validation\Horse\601f519aef0f6c80.jpg,validation,Horse,0
..\data\train\Horse\9MXNIFHJONF4.jpg,train,Horse,..\data\test\Horse\VXTQWUB0FO7I.jpg,test,Horse,0
..\data\train\Horse\aacb55301a879bcc.jpg,train,Horse,..\data\test\Horse\W9VTQ8GNNSN3.jpg,test,Horse,2
..\data\train\Horse\ad117571b12f0555.jpg,train,Horse,..\data\test\Horse\FVFAC2V92DTN.jpg,test,Horse,0
..\data\train\Horse\D7ZJ2B20OPQY.jpg,train,Horse,..\data\test\Horse\6b243472d75334b0.jpg,test,Horse,2
..\data\train\Horse\dc78deadc9fd2644.jpg,train,Horse,..\data\test\Horse\LZUNN23FFRYZ.jpg,test,Horse,0
..\data\train\Horse\de6626faad0a695a.jpg,train,Horse,..\data\test\Horse\FLR6PJLCRTBH.jpg,test,Horse,0
..\data\train\Horse\E53D5GDVR0DY.jpg,train,Horse,..\data\test\Horse\UMNOBYNA9VXG.jpg,test,Horse,0
..\data\train\Horse\ELGWGDWREUP8.jpg,train,Horse,..\data\test\Horse\92364ad181cb9767.jpg,test,Horse,0
..\data\train\Horse\EVL9RRDU92CS.jpg,train,Horse,..\data\test\Horse\8Q8PTHXB6HGI.jpg,test,Horse,0
..\data\train\Horse\EY3PQUBPCXR1.jpg,train,Horse,..\data\test\Horse\63VZ2EZ2DSLI.jpg,test,Horse,0
..\data\train\Horse\f569a87550ee2c45.jpg,train,Horse,..\data\test\Horse\B1GS9Y20AJVV.jpg,test,Horse,0
..\data\train\Horse\fecb05feac0d8904.jpg,train,Horse,..\data\test\Horse\AMW9J5B70WU2.jpg,test,Horse,0
..\data\train\Horse\GHARYPBJFOLU.jpg,train,Horse,..\data\test\Horse\Z4OEKB4N89SU.jpg,test,Horse,0
..\data\train\Horse\GPB0NCB2E0CL.jpg,train,Horse,..\data\validation\Horse\33738f93e7c2e547.jpg,validation,Horse,2
..\data\train\Horse\H1YFK8O3G47D.jpg,train,Horse,..\data\validation\Horse\U5X4FK7PT277.jpg,validation,Horse,0
..\data\train\Horse\HAZ1T0PEJLNB.jpg,train,Horse,..\data\test\Horse\2QF9NEFRPDLR.jpg,test,Horse,2
..\data\train\Horse\I1Y5TD6JWSUM.jpg,train,Horse,..\data\test\Horse\7cb613718c6a1a4c.jpg,test,Horse,2
..\data\train\Horse\IFUQ8NHB1QUU.jpg,train,Horse,..\data\validation\Horse\964b7e32c27ec731.jpg,validation,Horse,0
..\data\train\Horse\JJQ4BMUY06IV.jpg,train,Horse,..\data\test\Horse\070ff7a795140002.jpg,test,Horse,0
..\data\train\Horse\JJVM7W5R29G5.jpg,train,Horse,..\data\test\Horse\0df4980c1dccda78.jpg,test,Horse,0
..\data\train\Horse\JXCYEX0G5H1I.jpg,train,Horse,..\data\test\Horse\af1ea641ee51e43a.jpg,test,Horse,0
..\data\train\Horse\KFBYKBC7PB7I.jpg,train,Horse,..\data\validation\Horse\A8R5JSGE8GDA.jpg,validation,Horse,0
..\data\train\Horse\KTOACZ5LY6MR.jpg,train,Horse,..\data\test\Horse\CIC032XHTFRG.jpg,test,Horse,0
..\data\train\Horse\L2NESP365RRZ.jpg,train,Horse,..\data\test\Horse\PMXBIJHVI5RL.jpg,test,Horse,0
..\data\train\Horse\LAVDUYHXGFY5.jpg,train,Horse,..\data\validation\Horse\0a8c7bbae99db4df.jpg,validation,Horse,0
..\data\train\Horse\M43AT7C80S5S.jpg,train,Horse,..\data\test\Horse\814912f96ea43a01.jpg,test,Horse,0
..\data\train\Horse\MNTUKUU1OQWN.jpg,train,Horse,..\data\test\Horse\b4ee48bcaecac9dd.jpg,test,Horse,0
..\data\train\Horse\NNIPEJEY8YJY.jpg,train,Horse,..\data\test\Horse\9df087f72bc75a7c.jpg,test,Horse,0
..\data\train\Horse\O24GSR6MTQT9.jpg,train,Horse,..\data\test\Horse\J99C2EKB5QU1.jpg,test,Horse,0
..\data\train\Horse\OF89SWTOQ8LR.jpg,train,Horse,..\data\validation\Horse\6e949ce14484a263.jpg,validation,Horse,0
..\data\train\Horse\QS7UWQI44MHQ.jpg,train,Horse,..\data\test\Horse\7BDYTKVV14GI.jpg,test,Horse,0
..\data\train\Horse\R0Y6LSYB98AY.jpg,train,Horse,..\data\test\Horse\06c17b79bde56cd3.jpg,test,Horse,0
..\data\train\Horse\RT9076SW0XRP.jpg,train,Horse,..\data\test\Horse\IIKYITH8ORJA.jpg,test,Horse,0
..\data\train\Horse\S4JI9O0IDDBW.jpg,train,Horse,..\data\validation\Horse\F3CUTQ56ZOLG.jpg,validation,Horse,0
..\data\train\Horse\TGQBKSR8K1TW.jpg,train,Horse,..\data\test\Horse\db435eb6d22291ce.jpg,test,Horse,0
..\data\train\Horse\TPYQQD6YG1D9.jpg,train,Horse,..\data\test\Horse\72236a985d3d8876.jpg,test,Horse,0
..\data\train\Horse\UEMVSGTJGH6F.jpg,train,Horse,..\data\test\Horse\28cfc2f65a6e8e3d.jpg,test,Horse,0
..\data\train\Horse\VBGWKZR80VYA.jpg,train,Horse,..\data\validation\Horse\75f6cee67ba1c9d9.jpg,validation,Horse,0
..\data\train\Horse\WWDDWRKPLK4F.jpg,train,Horse,..\data\test\Horse\d8766f5ce909e95c.jpg,test,Horse,0
..\data\train\Horse\XY7O4UPQPNJU.jpg,train,Horse,..\data\test\Horse\3cf84e8fbf9a8a84.jpg,test,Horse,0
..\data\train\Horse\XZ0Y9CAA6TW9.jpg,train,Horse,..\data\validation\Horse\JXMVHT6MJ1Q4.jpg,validation,Horse,0
..\data\train\Horse\YT0W1WMSZXCH.jpg,train,Horse,..\data\validation\Horse\6DGNCS2RFMQG.jpg,validation,Horse,0
..\data\train\Pig\127964184-group-of-pig-that-looks-healthy-in-local-asean-pig-farm-at-livestock-the-concept-of-standardized-and.jpg,train,Pig,"..\data\test\Pig\Group Pig Looks Healthy Local Asean Pig Farm Livestock Concept — Stock Photo, Image.jpg",test,Pig,0
..\data\train\Pig\2Z9D1OYZLNFW.jpg,train,Pig,..\data\validation\Pig\E013L4NS8AMR.jpg,validation,Pig,0
..\data\train\Pig\316101060.jpg,train,Pig,"..\data\validation\Pig\Pigs eating on a meadow in an organic meat farm — Stock Photo, Image.jpg",validation,Pig,0
..\data\train\Pig\c41b5aa76b285843.jpg,train,Pig,..\data\test\Pig\NSBO9FEU56WA.jpg,test,Pig,0
..\data\train\Pig\EDWVMSKIWXNG.jpg,train,Pig,..\data\test\Pig\XQ4P7M24N182.jpg,test,Pig,0
..\data\train\Pig\FAK35W2XEGI1.jpg,train,Pig,..\data\validation\Pig\600a2b8a40329ef4.jpg,validation,Pig,0
..\data\train\Pig\four swines.jpg,train,Pig,"..\data\test\Pig\Selective closeup shot of pink pigs in a barn A selective closeup shot of pink pigs in a barn close up shot of a pig smiling stock pictures, royalty-free photos & images.jpg",test,Pig,0
"..\data\train\Pig\Funny pig hanging on a fence. Humorous collage. Isolated on whit — Stock Photo, Image.jpg",train,Pig,..\data\test\Pig\50108366.jpg,test,Pig,2
..\data\train\Pig\GLC0W3WAYOLL.jpg,train,Pig,..\data\validation\Pig\233740068.jpg,validation,Pig,2
"..\data\train\Pig\Portrait Cute Pig Black Background — Stock Photo, Image.jpg",train,Pig,..\data\validation\Pig\7037429.jpg,validation,Pig,0
..\data\train\Sheep\17.jpg,train,Sheep,..\data\validation\Sheep\477334244_fb34fe6b5a_z-640x400.jpg,validation,Sheep,2
..\data\train\Sheep\45afbaca1e58504f.jpg,train,Sheep,..\data\validation\Goat\IQSP190ZPV7T.jpg,validation,Goat,0
..\data\train\Sheep\8.jpg,train,Sheep,..\data\validation\Sheep\ovelha-706x432.jpg,validation,Sheep,0
..\data\train\Sheep\9353f1d1918996b0.jpg,train,Sheep,..\data\test\Goat\KO5O9CTSKGZH.jpg,test,Goat,0
..\data\train\Sheep\95439-004-F76906F9.jpg,train,Sheep,..\data\test\Sheep\sheep-picture-141095-3623502.jpg,test,Sheep,0
..\data\train\Sheep\aja7s1fjy-i-1024x683.jpg,train,Sheep,..\data\test\Sheep\four lambs on ground.jpg,test,Sheep,0
..\data\train\Sheep\chimera-majestic-sheep-tongue.jpg,train,Sheep,..\data\validation\Sheep\funny-sheep-portrait-of-sheep-showing-tongue.jpg,validation,Sheep,0
..\data\train\Sheep\com_ (5).jpg,train,Sheep,..\data\test\Sheep\white goat beside fence.jpg,test,Sheep,0
..\data\train\Sheep\cute-lamb-short-tail.jpg,train,Sheep,..\data\validation\Sheep\lamb-2641216_960_720.jpg,validation,Sheep,4
..\data\train\Sheep\Free Flock of sheep standing on grassland in countryside Stock Photo.jpg,train,Sheep,..\data\validation\Sheep\herd of sheep on green grass field during daytime (4).jpg,validation,Sheep,0
..\data\train\Sheep\free-photo-of-close-up-of-flock-of-sheep.jpg,train,Sheep,..\data\test\Sheep\a herd of sheep standing on top of a grass covered field.jpg,test,Sheep,2
..\data\train\Sheep\Funny sheep stock images.jpg,train,Sheep,..\data\validation\Sheep\funny-sheep-portrait-of-sheep-showing-tongue.jpg,validation,Sheep,0
..\data\train\Sheep\herd of sheep on green grass field during daytime (7).jpg,train,Sheep,..\data\validation\Sheep\photo-1592408465270-9e669f6761f4.jpeg,validation,Sheep,0
..\data\train\Sheep\kjell-jostein-sivertsen-gin8anbgwm8-unsplash-1-1.jpg,train,Sheep,..\data\test\Sheep\photo-1571983747395-db386e3edd0d.jpeg,test,Sheep,4
..\data\train\Sheep\photo-1497122123454-d63853ca2d39.jpeg,train,Sheep,..\data\test\Sheep\com_ (2).jpg,test,Sheep,0
..\data\train\Sheep\photo-1497122123454-d63853ca2d39.jpeg,train,Sheep,..\data\test\Sheep\Free Two White Sheeps Stock Photo.jpg,test,Sheep,4
..\data\train\Sheep\photo-1511117833895-4b473c0b85d6.jpeg,train,Sheep,..\data\test\Sheep\four lambs on ground.jpg,test,Sheep,0
..\data\train\Sheep\photo-1532362091753-d53721a3e82c.jpeg,train,Sheep,..\data\test\Sheep\brown sheep on green lawn grasses at daytime.jpg,test,Sheep,0
..\data\train\Sheep\photo-1535979863199-3c77338429a0.jpeg,train,Sheep,..\data\validation\Sheep\white and gray sheep lamb.jpg,validation,Sheep,0
..\data\train\Sheep\photo-1575014912260-91c2b5ad7441.jpeg,train,Sheep,..\data\test\Sheep\white sheep on field.jpg,test,Sheep,0
..\data\train\Sheep\photo-1580764202408-27bd825b2818.jpeg,train,Sheep,..\data\test\Sheep\white sheep on green grass during daytime (4).jpg,test,Sheep,0
..\data\train\Sheep\sheep on grass field.jpg,train,Sheep,..\data\test\Sheep\photo-1528709024086-98a7672e0b9d.jpeg,test,Sheep,0
..\data\train\Sheep\sheep on grass field.jpg,train,Sheep,..\data\test\Sheep\photo-1528709024086-98a7672e0b9d.jpg,test,Sheep,0
..\data\train\Sheep\sheep1.jpg,train,Sheep,..\data\validation\Sheep\24.jpg,validation,Sheep,0
..\data\train\Sheep\side-view-of-a-sheep-looking-away-against-white-background.jpg,train,Sheep,..\data\test\Sheep\Depositphotos_21606799_XL-1024x909.jpg,test,Sheep,0
..\data\train\Sheep\two brown sheep standing on grass field at daytime.jpg,train,Sheep,..\data\test\Sheep\com_ (2).jpg,test,Sheep,0
..\data\train\Sheep\two brown sheep standing on grass field at daytime.jpg,train,Sheep,..\data\test\Sheep\Free Two White Sheeps Stock Photo.jpg,test,Sheep,4
..\data\train\Sheep\white sheep near the brown board.jpg,train,Sheep,..\data\test\Sheep\photo-1448227700746-d8eab5a1b9d7.jpeg,test,Sheep,0
..\data\train\Sheep\white sheep on green grass during daytime (3).jpg,train,Sheep,..\data\test\Sheep\photo-1586518532933-0c9631bca14f.jpeg,test,Sheep,0
..\data\train\Sheep\white sheep on road.jpg,train,Sheep,..\data\validation\Sheep\photo-1557881709-f5c255f44c2a.jpeg,validation,Sheep,0
..\data\train\Sheep\white sheeps on grass field.jpg,train,Sheep,..\data\test\Sheep\photo-1571983747395-db386e3edd0d.jpeg,test,Sheep,0
..\data\validation\Camel\028_0096.jpg,validation,Camel,..\data\test\Camel\E4BIKYBDU0P6.jpg,test,Camel,0
..\data\validation\Camel\418545e02fda2f4e.jpg,validation,Camel,..\data\test\Camel\47GRO9X4LU03.jpg,test,Camel,0
..\data\validation\Camel\81MOS5D1AQ0Q.jpg,validation,Camel,..\data\test\Camel\camel_dromedary.jpg,test,Camel,0
..\data\validation\Camel\9LKYIM4KI81X.jpg,validation,Camel,..\data\test\Camel\6eceaff29e2513d4.jpg,test,Camel,0
..\data\validation\Camel\b826e80084f14d3e.jpg,validation,Camel,..\data\test\Camel\CC9RNVAO2QT5.jpg,test,Camel,0
..\data\validation\Camel\D6PJ881B76E0.jpg,validation,Camel,..\data\test\Camel\camel_bactrian01.jpg,test,Camel,0
..\data\validation\Camel\e50cb09f2b4fdf1f.jpg,validation,Camel,..\data\test\Camel\50XPF2LZWNAI.jpg,test,Camel,0
..\data\validation\Chicken\03bc7fbc956b3a9a.jpg,validation,Chicken,..\data\test\Chicken\I05XN1EPRZS2.jpg,test,Chicken,0
..\data\validation\Chicken\0a8a5aa471796fd5.jpg,validation,Chicken,..\data\test\Chicken\KABG3W3CT0K3.jpg,test,Chicken,0
..\data\validation\Chicken\0e5ecc56e464dcb8.jpg,validation,Chicken,..\data\test\Chicken\D1O86IZKBQ9L.jpg,test,Chicken,0
..\data\validation\Chicken\0e9be8b09f71f909.jpg,validation,Chicken,..\data\test\Chicken\5S2Z8N8RHE3T.jpg,test,Chicken,0
..\data\validation\Chicken\0f8a38312499d209.jpg,validation,Chicken,..\data\test\Chicken\IYZMV867A26B.jpg,test,Chicken,0
..\data\validation\Chicken\0K3D5SDTO0RJ.jpg,validation,Chicken,..\data\test\Chicken\883fcc7051511816.jpg,test,Chicken,0
..\data\validation\Chicken\16e942cd3f23c02f.jpg,validation,Chicken,..\data\test\Chicken\ZM54OY1DI50R.jpg,test,Chicken,0
..\data\validation\Chicken\1ae560feac00939e.jpg,validation,Chicken,..\data\test\Chicken\GN0AOITLVD4R.jpg,test,Chicken,2
..\data\validation\Chicken\1b9b848cad0e10c5.jpg,validation,Chicken,..\data\test\Chicken\JU9GS5HVRXIS.jpg,test,Chicken,0
..\data\validation\Chicken\1ZLB7IELNMCD.jpg,validation,Chicken,..\data\test\Chicken\21bc68f567ac688a.jpg,test,Chicken,0
..\data\validation\Chicken\225e2b45dd437a3f.jpg,validation,Chicken,..\data\test\Chicken\E75MU344O6R4.jpg,test,Chicken,0
..\data\validation\Chicken\3593119841138bdb.jpg,validation,Chicken,..\data\test\Chicken\FNIDE6R4NAJL.jpg,test,Chicken,0
..\data\validation\Chicken\391w_animal-1851495_640.jpg,validation,Chicken,..\data\test\Chicken\gray and red rooster.jpg,test,Chicken,0
..\data\validation\Chicken\3FPDE0DQI3Q5.jpg,validation,Chicken,..\data\test\Chicken\e4f3c6e01c8e79df.jpg,test,Chicken,2
..\data\validation\Chicken\42d4498abb2bb7b5.jpg,validation,Chicken,..\data\test\Chicken\DOKYAK4NY2B4.jpg,test,Chicken,0
..\data\validation\Chicken\469ae737247d3e1b.jpg,validation,Chicken,..\data\test\Chicken\8UQYKTHY3TCT.jpg,test,Chicken,0
..\data\validation\Chicken\52ae7e28296af990.jpg,validation,Chicken,..\data\test\Chicken\46MEGNWJ79H8.jpg,test,Chicken,0
..\data\validation\Chicken\571160c940815e53.jpg,validation,Chicken,..\data\test\Chicken\ZNZNPE7F82UI.jpg,test,Chicken,0
..\data\validation\Chicken\57a5b6049d288489.jpg,validation,Chicken,..\data\test\Chicken\I8OAQSZH3LRM.jpg,test,Chicken,0
..\data\validation\Chicken\585Q3J6DPV1I.jpg,validation,Chicken,..\data\test\Chicken\0913fbf6fa5c190e.jpg,test,Chicken,0
..\data\validation\Chicken\5e972eff804f4370.jpg,validation,Chicken,..\data\test\Chicken\JZ3KPEDDT1C6.jpg,test,Chicken,2
..\data\validation\Chicken\610c02c44c720c8e.jpg,validation,Chicken,..\data\test\Chicken\D0A5WJF0SPCG.jpg,test,Chicken,0
..\data\validation\Chicken\63313d1b53990ee4.jpg,validation,Chicken,..\data\test\Chicken\6UODE0QT20LI.jpg,test,Chicken,0
..\data\validation\Chicken\6495694a3058938f.jpg,validation,Chicken,..\data\test\Chicken\JVW59V4GDUA3.jpg,test,Chicken,0
..\data\validation\Chicken\665843d2606bf54e.jpg,validation,Chicken,..\data\test\Chicken\HVKCPZQ70LP7.jpg,test,Chicken,0
..\data\validation\Chicken\6af69ec1aa5723d6.jpg,validation,Chicken,..\data\test\Chicken\E0BFQBPEPYNT.jpg,test,Chicken,0
..\data\validation\Chicken\6ef87829f5302fad.jpg,validation,Chicken,..\data\test\Chicken\ESUHMWOA0058.jpg,test,Chicken,0
..\data\validation\Chicken\7a4e1b285944b27f.jpg,validation,Chicken,..\data\test\Chicken\DXSL1Q28GDAX.jpg,test,Chicken,0
..\data\validation\Chicken\7IA0ZH8WJAJW.jpg,validation,Chicken,..\data\test\Chicken\cfcf6b9913f569be.jpg,test,Chicken,0
..\data\validation\Chicken\877932304a4b13fc.jpg,validation,Chicken,..\data\test\Chicken\EBYWHQD79W1U.jpg,test,Chicken,0
..\data\validation\Chicken\87MJQ21RUJO3.jpg,validation,Chicken,..\data\test\Chicken\e3960e74324f46cb.jpg,test,Chicken,0
..\data\validation\Chicken\8841f38273268a49.jpg,validation,Chicken,..\data\test\Chicken\JXSLVZTT741L.jpg,test,Chicken,0
..\data\validation\Chicken\88ec7b2a9565a217.jpg,validation,Chicken,..\data\test\Chicken\KA4WJ09FPB6M.jpg,test,Chicken,0
..\data\validation\Chicken\919e127d168b61ca.jpg,validation,Chicken,..\data\test\Chicken\E939U0YA5V9L.jpg,test,Chicken,0
..\data\validation\Chicken\9211722b9d501ab6.jpg,validation,Chicken,..\data\test\Chicken\3LMOHKHBDS3X.jpg,test,Chicken,0
..\data\validation\Chicken\95a7e80be63c135f.jpg,validation,Chicken,..\data\test\Chicken\8VHSV8P2NBE7.jpg,test,Chicken,0
..\data\validation\Chicken\98bd94e89e9f5bbf.jpg,validation,Chicken,..\data\test\Chicken\FVW8QH7S4965.jpg,test,Chicken,0
..\data\validation\Chicken\9946887522acf42f.jpg,validation,Chicken,..\data\test\Chicken\9PJFZ8XSPDFZ.jpg,test,Chicken,0
..\data\validation\Chicken\9ace2b1e0af4cad0.jpg,validation,Chicken,..\data\test\Chicken\EAMHXE47MXDO.jpg,test,Chicken,0
..\data\validation\Chicken\9b021e285d010caa.jpg,validation,Chicken,..\data\test\Chicken\DOP7WGB4B8DM.jpg,test,Chicken,0
..\data\validation\Chicken\9cc7c95ab9b6ec4b.jpg,validation,Chicken,..\data\test\Chicken\CQXDHWJUITKY.jpg,test,Chicken,0
..\data\validation\Chicken\9e8a43573265df2e.jpg,validation,Chicken,..\data\test\Chicken\4T82PAI1HM8G.jpg,test,Chicken,0
..\data\validation\Chicken\a18eddc466ba52c4.jpg,validation,Chicken,..\data\test\Chicken\I86LZN58NA4C.jpg,test,Chicken,0
..\data\validation\Chicken\bafdb20a11f4afc8.jpg,validation,Chicken,..\data\test\Chicken\H39WPNQNB8CL.jpg,test,Chicken,2
..\data\validation\Donkey\360_F_32973533_JEtAxS6lAnr6JpBfE3RGA4aTK3SPXKag.jpg,validation,Donkey,..\data\test\Donkey\32973533.jpg,test,Donkey,0
..\data\validation\Donkey\500_F_10331779_PVOLBM8MIeDZW9H0vc3Cr0nLMoSEO8Le.jpg,validation,Donkey,..\data\test\Donkey\1000_F_10331779_PVOLBM8MIeDZW9H0vc3Cr0nLMoSEO8Le.jpg,test,Donkey,0
..\data\validation\Donkey\africa-drought-zimbabwe.jpg,validation,Donkey,..\data\test\Donkey\images - 2023-09-21T210227.220.jpeg,test,Donkey,0
..\data\validation\Donkey\donkey-16037099 (1).jpg,validation,Donkey,..\data\test\Donkey\donkey-16037099 (6).jpg,test,Donkey,0
..\data\validation\Donkey\donkey-4-years-7023061 (1).jpg,validation,Donkey,..\data\test\Donkey\1000_F_10331779_PVOLBM8MIeDZW9H0vc3Cr0nLMoSEO8Le.jpg,test,Donkey,0
..\data\validation\Goat\DRYSQZWW3EKR.jpg,validation,Goat,..\data\test\Goat\495a876d857dc370.jpg,test,Goat,0
..\data\validation\Goat\FWZ52YR9QPF9.jpg,validation,Goat,..\data\test\Goat\8c00f39a123b765f.jpg,test,Goat,0
..\data\validation\Horse\D3U3G5RNV4H0.jpg,validation,Horse,..\data\test\Horse\TRIUEGCZUYBL.jpg,test,Horse,0
..\data\validation\Horse\I6PFTYL0V8DB.jpg,validation,Horse,..\data\test\Horse\624f7d01098726da.jpg,test,Horse,0
..\data\validation\Pig\depositphotos_14212419-stock-photo-two-piglets.jpg,validation,Pig,"..\data\test\Pig\Two piglets — Stock Photo, Image.jpg",test,Pig,4
..\data\validation\Sheep\DSCN6520-e1462262950648-1024x684.jpg,validation,Sheep,..\data\test\Sheep\4.jpg,test,Sheep,0
..\data\validation\Sheep\white sheep on brown grass field during daytime (3).jpg,validation,Sheep,..\data\test\Sheep\photo-1610114753680-b6c875494dae.jpeg,test,Sheep,0
..\data\validation\Sheep\white sheep on green grass field.jpg,validation,Sheep,..\data\test\Sheep\photo-1545310939-e7aae7217e00.jpeg,test,Sheep,0
